{"timestamp":"2025-08-27T00:00:00.666Z","type":"results","status":"start","message":"Starting cost-efficient game results update","categoryCount":14}
{"timestamp":"2025-08-27T00:00:00.669Z","type":"odds_temp","status":"start","message":"Starting TEMPORARY low-priority leagues odds update (72hour interval - 500K limit)","priority":"low_temp","leagues":["BRASILEIRAO","ARGENTINA_PRIMERA","CSL","LALIGA","BUNDESLIGA"],"note":"Temporary scheduler due to 500K API limit"}
{"timestamp":"2025-08-27T00:00:00.672Z","type":"epl","status":"start","message":"EPL 프리미어리그 데이터 강제 업데이트"}
{"timestamp":"2025-08-27T00:00:02.271Z","type":"epl","status":"success","message":"EPL 프리미어리그 데이터 업데이트 완료"}
{"timestamp":"2025-08-27T00:00:02.522Z","type":"odds_temp","status":"success","message":"Temporary low-priority odds update completed (72hour interval)","priority":"low_temp","leagues":["BRASILEIRAO","ARGENTINA_PRIMERA","CSL","LALIGA","BUNDESLIGA"],"oddsUpdated":0,"oddsDetail":{"totalUpdated":0,"newOdds":0,"existingOddsUpdated":0,"skippedOdds":5,"apiCalls":5,"categoriesProcessed":5},"note":"Temporary scheduler due to 500K API limit"}
{"timestamp":"2025-08-27T00:00:06.246Z","type":"bets","status":"start","message":"Starting bet results update after game results"}
{"timestamp":"2025-08-27T00:00:06.270Z","type":"results","status":"success","message":"Game results and bet results update completed","gameResultsUpdated":0,"gameResultsDetail":{"totalUpdated":0,"newGames":0,"existingGamesUpdated":0,"skippedGames":0,"categoriesProcessed":13},"betResultsUpdated":0,"categoryCount":14}
{"timestamp":"2025-08-27T00:10:00.827Z","type":"results","status":"start","message":"Starting cost-efficient game results update","categoryCount":14}
{"timestamp":"2025-08-27T00:10:05.584Z","type":"bets","status":"start","message":"Starting bet results update after game results"}
{"timestamp":"2025-08-27T00:10:05.606Z","type":"results","status":"success","message":"Game results and bet results update completed","gameResultsUpdated":0,"gameResultsDetail":{"totalUpdated":0,"newGames":0,"existingGamesUpdated":0,"skippedGames":0,"categoriesProcessed":13},"betResultsUpdated":0,"categoryCount":14}
{"timestamp":"2025-08-27T00:20:00.983Z","type":"results","status":"start","message":"Starting cost-efficient game results update","categoryCount":14}
{"timestamp":"2025-08-27T00:20:06.460Z","type":"bets","status":"start","message":"Starting bet results update after game results"}
{"timestamp":"2025-08-27T00:20:06.482Z","type":"results","status":"success","message":"Game results and bet results update completed","gameResultsUpdated":0,"gameResultsDetail":{"totalUpdated":0,"newGames":0,"existingGamesUpdated":0,"skippedGames":0,"categoriesProcessed":13},"betResultsUpdated":0,"categoryCount":14}
{"timestamp":"2025-08-27T00:30:00.151Z","type":"results","status":"start","message":"Starting cost-efficient game results update","categoryCount":14}
{"timestamp":"2025-08-27T00:30:00.158Z","type":"epl","status":"start","message":"EPL 프리미어리그 데이터 강제 업데이트"}
{"timestamp":"2025-08-27T00:30:01.758Z","type":"epl","status":"success","message":"EPL 프리미어리그 데이터 업데이트 완료"}
{"timestamp":"2025-08-27T00:30:05.114Z","type":"bets","status":"start","message":"Starting bet results update after game results"}
{"timestamp":"2025-08-27T00:30:05.139Z","type":"results","status":"success","message":"Game results and bet results update completed","gameResultsUpdated":0,"gameResultsDetail":{"totalUpdated":0,"newGames":0,"existingGamesUpdated":0,"skippedGames":0,"categoriesProcessed":13},"betResultsUpdated":0,"categoryCount":14}
{"timestamp":"2025-08-27T00:31:24.144Z","type":"monitor","status":"info","message":"Scheduler status check","isUpdatingResults":false,"isUpdatingOdds":false,"lastUpdateTime":"2025-08-27T00:30:05.139Z","activeCategories":["NBA","MLB","KBO","NFL","프리미어리그","MLS","KLEAGUE","JLEAGUE","SERIEA","BRASILEIRAO","ARGENTINA_PRIMERA","CSL","LALIGA","BUNDESLIGA"],"uptime":68679.307042208,"apiCallEstimate":"~28 calls per hour","memory":{"used":"83MB","total":"91MB"}}
{"timestamp":"2025-08-27T00:40:00.418Z","type":"results","status":"start","message":"Starting cost-efficient game results update","categoryCount":14}
{"timestamp":"2025-08-27T00:40:05.969Z","type":"bets","status":"start","message":"Starting bet results update after game results"}
{"timestamp":"2025-08-27T00:40:05.999Z","type":"results","status":"success","message":"Game results and bet results update completed","gameResultsUpdated":0,"gameResultsDetail":{"totalUpdated":0,"newGames":0,"existingGamesUpdated":0,"skippedGames":0,"categoriesProcessed":13},"betResultsUpdated":0,"categoryCount":14}
{"timestamp":"2025-08-27T00:50:00.610Z","type":"results","status":"start","message":"Starting cost-efficient game results update","categoryCount":14}
{"timestamp":"2025-08-27T00:50:06.761Z","type":"bets","status":"start","message":"Starting bet results update after game results"}
{"timestamp":"2025-08-27T00:50:06.784Z","type":"results","status":"success","message":"Game results and bet results update completed","gameResultsUpdated":0,"gameResultsDetail":{"totalUpdated":0,"newGames":0,"existingGamesUpdated":0,"skippedGames":0,"categoriesProcessed":13},"betResultsUpdated":0,"categoryCount":14}
{"timestamp":"2025-08-27T01:00:00.816Z","type":"results","status":"start","message":"Starting cost-efficient game results update","categoryCount":14}
{"timestamp":"2025-08-27T01:00:00.819Z","type":"odds_temp","status":"start","message":"Starting TEMPORARY high-priority leagues odds update (2hour interval - 500K limit)","priority":"high_temp","leagues":["NBA","MLB","KBO","NFL","프리미어리그"],"note":"Temporary scheduler due to 500K API limit"}
{"timestamp":"2025-08-27T01:00:00.823Z","type":"epl","status":"start","message":"EPL 프리미어리그 데이터 강제 업데이트"}
{"timestamp":"2025-08-27T01:00:02.751Z","type":"odds_temp","status":"success","message":"Temporary high-priority odds update completed (2hour interval)","priority":"high_temp","leagues":["NBA","MLB","KBO","NFL","프리미어리그"],"oddsUpdated":0,"oddsDetail":{"totalUpdated":0,"newOdds":0,"existingOddsUpdated":0,"skippedOdds":5,"apiCalls":5,"categoriesProcessed":5},"note":"Temporary scheduler due to 500K API limit"}
{"timestamp":"2025-08-27T01:00:03.013Z","type":"epl","status":"success","message":"EPL 프리미어리그 데이터 업데이트 완료"}
{"timestamp":"2025-08-27T01:00:05.604Z","type":"bets","status":"start","message":"Starting bet results update after game results"}
{"timestamp":"2025-08-27T01:00:05.630Z","type":"results","status":"success","message":"Game results and bet results update completed","gameResultsUpdated":0,"gameResultsDetail":{"totalUpdated":0,"newGames":0,"existingGamesUpdated":0,"skippedGames":0,"categoriesProcessed":13},"betResultsUpdated":0,"categoryCount":14}
{"timestamp":"2025-08-27T01:10:00.022Z","type":"results","status":"start","message":"Starting cost-efficient game results update","categoryCount":14}
{"timestamp":"2025-08-27T01:10:06.091Z","type":"bets","status":"start","message":"Starting bet results update after game results"}
{"timestamp":"2025-08-27T01:10:06.103Z","type":"results","status":"success","message":"Game results and bet results update completed","gameResultsUpdated":0,"gameResultsDetail":{"totalUpdated":0,"newGames":0,"existingGamesUpdated":0,"skippedGames":0,"categoriesProcessed":13},"betResultsUpdated":0,"categoryCount":14}
{"timestamp":"2025-08-27T01:20:00.012Z","type":"results","status":"start","message":"Starting cost-efficient game results update","categoryCount":14}
{"timestamp":"2025-08-27T01:20:05.092Z","type":"bets","status":"start","message":"Starting bet results update after game results"}
{"timestamp":"2025-08-27T01:20:05.115Z","type":"results","status":"success","message":"Game results and bet results update completed","gameResultsUpdated":0,"gameResultsDetail":{"totalUpdated":0,"newGames":0,"existingGamesUpdated":0,"skippedGames":0,"categoriesProcessed":13},"betResultsUpdated":0,"categoryCount":14}
{"timestamp":"2025-08-27T01:30:00.200Z","type":"results","status":"start","message":"Starting cost-efficient game results update","categoryCount":14}
{"timestamp":"2025-08-27T01:30:00.206Z","type":"epl","status":"start","message":"EPL 프리미어리그 데이터 강제 업데이트"}
{"timestamp":"2025-08-27T01:30:01.988Z","type":"epl","status":"success","message":"EPL 프리미어리그 데이터 업데이트 완료"}
{"timestamp":"2025-08-27T01:30:05.370Z","type":"bets","status":"start","message":"Starting bet results update after game results"}
{"timestamp":"2025-08-27T01:30:05.398Z","type":"results","status":"success","message":"Game results and bet results update completed","gameResultsUpdated":0,"gameResultsDetail":{"totalUpdated":0,"newGames":0,"existingGamesUpdated":0,"skippedGames":0,"categoriesProcessed":13},"betResultsUpdated":0,"categoryCount":14}
{"timestamp":"2025-08-27T01:31:24.298Z","type":"monitor","status":"info","message":"Scheduler status check","isUpdatingResults":false,"isUpdatingOdds":false,"lastUpdateTime":"2025-08-27T01:30:05.398Z","activeCategories":["NBA","MLB","KBO","NFL","프리미어리그","MLS","KLEAGUE","JLEAGUE","SERIEA","BRASILEIRAO","ARGENTINA_PRIMERA","CSL","LALIGA","BUNDESLIGA"],"uptime":72279.309133875,"apiCallEstimate":"~28 calls per hour","memory":{"used":"85MB","total":"91MB"}}
{"timestamp":"2025-08-27T01:40:00.627Z","type":"results","status":"start","message":"Starting cost-efficient game results update","categoryCount":14}
{"timestamp":"2025-08-27T01:40:07.383Z","type":"bets","status":"start","message":"Starting bet results update after game results"}
{"timestamp":"2025-08-27T01:40:07.409Z","type":"results","status":"success","message":"Game results and bet results update completed","gameResultsUpdated":0,"gameResultsDetail":{"totalUpdated":0,"newGames":0,"existingGamesUpdated":0,"skippedGames":0,"categoriesProcessed":13},"betResultsUpdated":0,"categoryCount":14}
{"timestamp":"2025-08-27T01:50:00.752Z","type":"results","status":"start","message":"Starting cost-efficient game results update","categoryCount":14}
{"timestamp":"2025-08-27T01:50:06.290Z","type":"bets","status":"start","message":"Starting bet results update after game results"}
{"timestamp":"2025-08-27T01:50:06.315Z","type":"results","status":"success","message":"Game results and bet results update completed","gameResultsUpdated":0,"gameResultsDetail":{"totalUpdated":0,"newGames":0,"existingGamesUpdated":0,"skippedGames":0,"categoriesProcessed":13},"betResultsUpdated":0,"categoryCount":14}
{"timestamp":"2025-08-27T02:00:00.928Z","type":"results","status":"start","message":"Starting cost-efficient game results update","categoryCount":14}
{"timestamp":"2025-08-27T02:00:00.933Z","type":"epl","status":"start","message":"EPL 프리미어리그 데이터 강제 업데이트"}
{"timestamp":"2025-08-27T02:00:03.393Z","type":"epl","status":"success","message":"EPL 프리미어리그 데이터 업데이트 완료"}
{"timestamp":"2025-08-27T02:00:08.585Z","type":"bets","status":"start","message":"Starting bet results update after game results"}
{"timestamp":"2025-08-27T02:00:08.610Z","type":"results","status":"success","message":"Game results and bet results update completed","gameResultsUpdated":0,"gameResultsDetail":{"totalUpdated":0,"newGames":0,"existingGamesUpdated":0,"skippedGames":0,"categoriesProcessed":13},"betResultsUpdated":0,"categoryCount":14}
{"timestamp":"2025-08-27T02:10:00.069Z","type":"results","status":"start","message":"Starting cost-efficient game results update","categoryCount":14}
{"timestamp":"2025-08-27T02:10:04.920Z","type":"bets","status":"start","message":"Starting bet results update after game results"}
{"timestamp":"2025-08-27T02:10:04.949Z","type":"results","status":"success","message":"Game results and bet results update completed","gameResultsUpdated":0,"gameResultsDetail":{"totalUpdated":0,"newGames":0,"existingGamesUpdated":0,"skippedGames":0,"categoriesProcessed":13},"betResultsUpdated":0,"categoryCount":14}
{"timestamp":"2025-08-27T02:20:00.231Z","type":"results","status":"start","message":"Starting cost-efficient game results update","categoryCount":14}
{"timestamp":"2025-08-27T02:20:06.604Z","type":"bets","status":"start","message":"Starting bet results update after game results"}
{"timestamp":"2025-08-27T02:20:06.627Z","type":"results","status":"success","message":"Game results and bet results update completed","gameResultsUpdated":0,"gameResultsDetail":{"totalUpdated":0,"newGames":0,"existingGamesUpdated":0,"skippedGames":0,"categoriesProcessed":13},"betResultsUpdated":0,"categoryCount":14}
{"timestamp":"2025-08-27T02:30:00.548Z","type":"results","status":"start","message":"Starting cost-efficient game results update","categoryCount":14}
{"timestamp":"2025-08-27T02:30:00.552Z","type":"epl","status":"start","message":"EPL 프리미어리그 데이터 강제 업데이트"}
{"timestamp":"2025-08-27T02:30:05.570Z","type":"epl","status":"success","message":"EPL 프리미어리그 데이터 업데이트 완료"}
{"timestamp":"2025-08-27T02:30:07.002Z","type":"bets","status":"start","message":"Starting bet results update after game results"}
{"timestamp":"2025-08-27T02:30:07.023Z","type":"results","status":"success","message":"Game results and bet results update completed","gameResultsUpdated":0,"gameResultsDetail":{"totalUpdated":0,"newGames":0,"existingGamesUpdated":0,"skippedGames":0,"categoriesProcessed":13},"betResultsUpdated":0,"categoryCount":14}
{"timestamp":"2025-08-27T02:31:24.296Z","type":"monitor","status":"info","message":"Scheduler status check","isUpdatingResults":false,"isUpdatingOdds":false,"lastUpdateTime":"2025-08-27T02:30:07.023Z","activeCategories":["NBA","MLB","KBO","NFL","프리미어리그","MLS","KLEAGUE","JLEAGUE","SERIEA","BRASILEIRAO","ARGENTINA_PRIMERA","CSL","LALIGA","BUNDESLIGA"],"uptime":75879.311291583,"apiCallEstimate":"~28 calls per hour","memory":{"used":"81MB","total":"91MB"}}
{"timestamp":"2025-08-27T02:40:00.757Z","type":"results","status":"start","message":"Starting cost-efficient game results update","categoryCount":14}
{"timestamp":"2025-08-27T02:40:05.325Z","type":"bets","status":"start","message":"Starting bet results update after game results"}
{"timestamp":"2025-08-27T02:40:05.353Z","type":"results","status":"success","message":"Game results and bet results update completed","gameResultsUpdated":0,"gameResultsDetail":{"totalUpdated":0,"newGames":0,"existingGamesUpdated":0,"skippedGames":0,"categoriesProcessed":13},"betResultsUpdated":0,"categoryCount":14}
{"timestamp":"2025-08-27T02:50:00.964Z","type":"results","status":"start","message":"Starting cost-efficient game results update","categoryCount":14}
{"timestamp":"2025-08-27T02:50:06.001Z","type":"bets","status":"start","message":"Starting bet results update after game results"}
{"timestamp":"2025-08-27T02:50:06.022Z","type":"results","status":"success","message":"Game results and bet results update completed","gameResultsUpdated":0,"gameResultsDetail":{"totalUpdated":0,"newGames":0,"existingGamesUpdated":0,"skippedGames":0,"categoriesProcessed":13},"betResultsUpdated":0,"categoryCount":14}
{"timestamp":"2025-08-27T03:00:00.165Z","type":"results","status":"start","message":"Starting cost-efficient game results update","categoryCount":14}
{"timestamp":"2025-08-27T03:00:00.169Z","type":"odds_temp","status":"start","message":"Starting TEMPORARY high-priority leagues odds update (2hour interval - 500K limit)","priority":"high_temp","leagues":["NBA","MLB","KBO","NFL","프리미어리그"],"note":"Temporary scheduler due to 500K API limit"}
{"timestamp":"2025-08-27T03:00:00.171Z","type":"odds_temp","status":"start","message":"Starting TEMPORARY medium-priority leagues odds update (6hour interval - 500K limit)","priority":"medium_temp","leagues":["MLS","KLEAGUE","JLEAGUE","SERIEA"],"note":"Temporary scheduler due to 500K API limit"}
{"timestamp":"2025-08-27T03:00:00.172Z","type":"odds_temp","status":"start","message":"Starting TEMPORARY low-priority leagues odds update (72hour interval - 500K limit)","priority":"low_temp","leagues":["BRASILEIRAO","ARGENTINA_PRIMERA","CSL","LALIGA","BUNDESLIGA"],"note":"Temporary scheduler due to 500K API limit"}
{"timestamp":"2025-08-27T03:00:00.174Z","type":"epl","status":"start","message":"EPL 프리미어리그 데이터 강제 업데이트"}
{"timestamp":"2025-08-27T03:00:01.454Z","type":"odds_temp","status":"success","message":"Temporary medium-priority odds update completed (6hour interval)","priority":"medium_temp","leagues":["MLS","KLEAGUE","JLEAGUE","SERIEA"],"oddsUpdated":0,"oddsDetail":{"totalUpdated":0,"newOdds":0,"existingOddsUpdated":0,"skippedOdds":4,"apiCalls":4,"categoriesProcessed":4},"note":"Temporary scheduler due to 500K API limit"}
{"timestamp":"2025-08-27T03:00:01.636Z","type":"odds_temp","status":"success","message":"Temporary low-priority odds update completed (72hour interval)","priority":"low_temp","leagues":["BRASILEIRAO","ARGENTINA_PRIMERA","CSL","LALIGA","BUNDESLIGA"],"oddsUpdated":0,"oddsDetail":{"totalUpdated":0,"newOdds":0,"existingOddsUpdated":0,"skippedOdds":5,"apiCalls":5,"categoriesProcessed":5},"note":"Temporary scheduler due to 500K API limit"}
{"timestamp":"2025-08-27T03:00:01.719Z","type":"odds_temp","status":"success","message":"Temporary high-priority odds update completed (2hour interval)","priority":"high_temp","leagues":["NBA","MLB","KBO","NFL","프리미어리그"],"oddsUpdated":0,"oddsDetail":{"totalUpdated":0,"newOdds":0,"existingOddsUpdated":0,"skippedOdds":5,"apiCalls":5,"categoriesProcessed":5},"note":"Temporary scheduler due to 500K API limit"}
{"timestamp":"2025-08-27T03:00:01.820Z","type":"epl","status":"success","message":"EPL 프리미어리그 데이터 업데이트 완료"}
{"timestamp":"2025-08-27T03:00:05.259Z","type":"bets","status":"start","message":"Starting bet results update after game results"}
{"timestamp":"2025-08-27T03:00:05.284Z","type":"results","status":"success","message":"Game results and bet results update completed","gameResultsUpdated":0,"gameResultsDetail":{"totalUpdated":0,"newGames":0,"existingGamesUpdated":0,"skippedGames":0,"categoriesProcessed":13},"betResultsUpdated":0,"categoryCount":14}
{"timestamp":"2025-08-27T03:10:00.305Z","type":"results","status":"start","message":"Starting cost-efficient game results update","categoryCount":14}
{"timestamp":"2025-08-27T03:10:05.069Z","type":"bets","status":"start","message":"Starting bet results update after game results"}
{"timestamp":"2025-08-27T03:10:05.090Z","type":"results","status":"success","message":"Game results and bet results update completed","gameResultsUpdated":0,"gameResultsDetail":{"totalUpdated":0,"newGames":0,"existingGamesUpdated":0,"skippedGames":0,"categoriesProcessed":13},"betResultsUpdated":0,"categoryCount":14}
{"timestamp":"2025-08-27T03:20:00.475Z","type":"results","status":"start","message":"Starting cost-efficient game results update","categoryCount":14}
{"timestamp":"2025-08-27T03:20:05.723Z","type":"bets","status":"start","message":"Starting bet results update after game results"}
{"timestamp":"2025-08-27T03:20:05.746Z","type":"results","status":"success","message":"Game results and bet results update completed","gameResultsUpdated":0,"gameResultsDetail":{"totalUpdated":0,"newGames":0,"existingGamesUpdated":0,"skippedGames":0,"categoriesProcessed":13},"betResultsUpdated":0,"categoryCount":14}
{"timestamp":"2025-08-27T03:30:00.652Z","type":"results","status":"start","message":"Starting cost-efficient game results update","categoryCount":14}
{"timestamp":"2025-08-27T03:30:00.656Z","type":"epl","status":"start","message":"EPL 프리미어리그 데이터 강제 업데이트"}
{"timestamp":"2025-08-27T03:30:02.210Z","type":"epl","status":"success","message":"EPL 프리미어리그 데이터 업데이트 완료"}
{"timestamp":"2025-08-27T03:30:07.735Z","type":"bets","status":"start","message":"Starting bet results update after game results"}
{"timestamp":"2025-08-27T03:30:07.757Z","type":"results","status":"success","message":"Game results and bet results update completed","gameResultsUpdated":0,"gameResultsDetail":{"totalUpdated":0,"newGames":0,"existingGamesUpdated":0,"skippedGames":0,"categoriesProcessed":13},"betResultsUpdated":0,"categoryCount":14}
{"timestamp":"2025-08-27T03:31:24.299Z","type":"monitor","status":"info","message":"Scheduler status check","isUpdatingResults":false,"isUpdatingOdds":false,"lastUpdateTime":"2025-08-27T03:30:07.757Z","activeCategories":["NBA","MLB","KBO","NFL","프리미어리그","MLS","KLEAGUE","JLEAGUE","SERIEA","BRASILEIRAO","ARGENTINA_PRIMERA","CSL","LALIGA","BUNDESLIGA"],"uptime":79479.313495167,"apiCallEstimate":"~28 calls per hour","memory":{"used":"84MB","total":"92MB"}}
{"timestamp":"2025-08-27T03:40:00.851Z","type":"results","status":"start","message":"Starting cost-efficient game results update","categoryCount":14}
{"timestamp":"2025-08-27T03:40:05.763Z","type":"bets","status":"start","message":"Starting bet results update after game results"}
{"timestamp":"2025-08-27T03:40:05.791Z","type":"results","status":"success","message":"Game results and bet results update completed","gameResultsUpdated":0,"gameResultsDetail":{"totalUpdated":0,"newGames":0,"existingGamesUpdated":0,"skippedGames":0,"categoriesProcessed":13},"betResultsUpdated":0,"categoryCount":14}
{"timestamp":"2025-08-27T03:50:00.027Z","type":"results","status":"start","message":"Starting cost-efficient game results update","categoryCount":14}
{"timestamp":"2025-08-27T03:50:05.321Z","type":"bets","status":"start","message":"Starting bet results update after game results"}
{"timestamp":"2025-08-27T03:50:05.345Z","type":"results","status":"success","message":"Game results and bet results update completed","gameResultsUpdated":0,"gameResultsDetail":{"totalUpdated":0,"newGames":0,"existingGamesUpdated":0,"skippedGames":0,"categoriesProcessed":13},"betResultsUpdated":0,"categoryCount":14}
{"timestamp":"2025-08-27T04:00:00.208Z","type":"results","status":"start","message":"Starting cost-efficient game results update","categoryCount":14}
{"timestamp":"2025-08-27T04:00:00.213Z","type":"epl","status":"start","message":"EPL 프리미어리그 데이터 강제 업데이트"}
{"timestamp":"2025-08-27T04:00:01.837Z","type":"epl","status":"success","message":"EPL 프리미어리그 데이터 업데이트 완료"}
{"timestamp":"2025-08-27T04:00:05.900Z","type":"bets","status":"start","message":"Starting bet results update after game results"}
{"timestamp":"2025-08-27T04:00:05.925Z","type":"results","status":"success","message":"Game results and bet results update completed","gameResultsUpdated":0,"gameResultsDetail":{"totalUpdated":0,"newGames":0,"existingGamesUpdated":0,"skippedGames":0,"categoriesProcessed":13},"betResultsUpdated":0,"categoryCount":14}
{"timestamp":"2025-08-27T04:10:00.329Z","type":"results","status":"start","message":"Starting cost-efficient game results update","categoryCount":14}
{"timestamp":"2025-08-27T04:10:05.017Z","type":"bets","status":"start","message":"Starting bet results update after game results"}
{"timestamp":"2025-08-27T04:10:05.046Z","type":"results","status":"success","message":"Game results and bet results update completed","gameResultsUpdated":0,"gameResultsDetail":{"totalUpdated":0,"newGames":0,"existingGamesUpdated":0,"skippedGames":0,"categoriesProcessed":13},"betResultsUpdated":0,"categoryCount":14}
{"timestamp":"2025-08-27T04:20:00.502Z","type":"results","status":"start","message":"Starting cost-efficient game results update","categoryCount":14}
{"timestamp":"2025-08-27T04:20:05.578Z","type":"bets","status":"start","message":"Starting bet results update after game results"}
{"timestamp":"2025-08-27T04:20:05.598Z","type":"results","status":"success","message":"Game results and bet results update completed","gameResultsUpdated":0,"gameResultsDetail":{"totalUpdated":0,"newGames":0,"existingGamesUpdated":0,"skippedGames":0,"categoriesProcessed":13},"betResultsUpdated":0,"categoryCount":14}
{"timestamp":"2025-08-27T04:30:00.674Z","type":"results","status":"start","message":"Starting cost-efficient game results update","categoryCount":14}
{"timestamp":"2025-08-27T04:30:00.678Z","type":"epl","status":"start","message":"EPL 프리미어리그 데이터 강제 업데이트"}
{"timestamp":"2025-08-27T04:30:03.717Z","type":"epl","status":"success","message":"EPL 프리미어리그 데이터 업데이트 완료"}
{"timestamp":"2025-08-27T04:30:07.580Z","type":"bets","status":"start","message":"Starting bet results update after game results"}
{"timestamp":"2025-08-27T04:30:07.603Z","type":"results","status":"success","message":"Game results and bet results update completed","gameResultsUpdated":0,"gameResultsDetail":{"totalUpdated":0,"newGames":0,"existingGamesUpdated":0,"skippedGames":0,"categoriesProcessed":13},"betResultsUpdated":0,"categoryCount":14}
{"timestamp":"2025-08-27T04:31:24.233Z","type":"monitor","status":"info","message":"Scheduler status check","isUpdatingResults":false,"isUpdatingOdds":false,"lastUpdateTime":"2025-08-27T04:30:07.603Z","activeCategories":["NBA","MLB","KBO","NFL","프리미어리그","MLS","KLEAGUE","JLEAGUE","SERIEA","BRASILEIRAO","ARGENTINA_PRIMERA","CSL","LALIGA","BUNDESLIGA"],"uptime":83079.31559225,"apiCallEstimate":"~28 calls per hour","memory":{"used":"81MB","total":"91MB"}}
{"timestamp":"2025-08-27T04:40:00.870Z","type":"results","status":"start","message":"Starting cost-efficient game results update","categoryCount":14}
{"timestamp":"2025-08-27T04:40:05.696Z","type":"bets","status":"start","message":"Starting bet results update after game results"}
{"timestamp":"2025-08-27T04:40:05.723Z","type":"results","status":"success","message":"Game results and bet results update completed","gameResultsUpdated":0,"gameResultsDetail":{"totalUpdated":0,"newGames":0,"existingGamesUpdated":0,"skippedGames":0,"categoriesProcessed":13},"betResultsUpdated":0,"categoryCount":14}
{"timestamp":"2025-08-27T04:50:00.054Z","type":"results","status":"start","message":"Starting cost-efficient game results update","categoryCount":14}
{"timestamp":"2025-08-27T04:50:06.523Z","type":"bets","status":"start","message":"Starting bet results update after game results"}
{"timestamp":"2025-08-27T04:50:06.550Z","type":"results","status":"success","message":"Game results and bet results update completed","gameResultsUpdated":0,"gameResultsDetail":{"totalUpdated":0,"newGames":0,"existingGamesUpdated":0,"skippedGames":0,"categoriesProcessed":13},"betResultsUpdated":0,"categoryCount":14}
{"timestamp":"2025-08-27T05:00:00.228Z","type":"results","status":"start","message":"Starting cost-efficient game results update","categoryCount":14}
{"timestamp":"2025-08-27T05:00:00.231Z","type":"odds_temp","status":"start","message":"Starting TEMPORARY high-priority leagues odds update (2hour interval - 500K limit)","priority":"high_temp","leagues":["NBA","MLB","KBO","NFL","프리미어리그"],"note":"Temporary scheduler due to 500K API limit"}
{"timestamp":"2025-08-27T05:00:00.234Z","type":"epl","status":"start","message":"EPL 프리미어리그 데이터 강제 업데이트"}
{"timestamp":"2025-08-27T05:00:01.753Z","type":"odds_temp","status":"success","message":"Temporary high-priority odds update completed (2hour interval)","priority":"high_temp","leagues":["NBA","MLB","KBO","NFL","프리미어리그"],"oddsUpdated":0,"oddsDetail":{"totalUpdated":0,"newOdds":0,"existingOddsUpdated":0,"skippedOdds":5,"apiCalls":5,"categoriesProcessed":5},"note":"Temporary scheduler due to 500K API limit"}
{"timestamp":"2025-08-27T05:00:01.901Z","type":"epl","status":"success","message":"EPL 프리미어리그 데이터 업데이트 완료"}
{"timestamp":"2025-08-27T05:00:05.444Z","type":"bets","status":"start","message":"Starting bet results update after game results"}
{"timestamp":"2025-08-27T05:00:05.470Z","type":"results","status":"success","message":"Game results and bet results update completed","gameResultsUpdated":0,"gameResultsDetail":{"totalUpdated":0,"newGames":0,"existingGamesUpdated":0,"skippedGames":0,"categoriesProcessed":13},"betResultsUpdated":0,"categoryCount":14}
{"timestamp":"2025-08-27T05:10:00.392Z","type":"results","status":"start","message":"Starting cost-efficient game results update","categoryCount":14}
{"timestamp":"2025-08-27T05:10:05.342Z","type":"bets","status":"start","message":"Starting bet results update after game results"}
{"timestamp":"2025-08-27T05:10:05.369Z","type":"results","status":"success","message":"Game results and bet results update completed","gameResultsUpdated":0,"gameResultsDetail":{"totalUpdated":0,"newGames":0,"existingGamesUpdated":0,"skippedGames":0,"categoriesProcessed":13},"betResultsUpdated":0,"categoryCount":14}
{"timestamp":"2025-08-27T05:20:00.581Z","type":"results","status":"start","message":"Starting cost-efficient game results update","categoryCount":14}
{"timestamp":"2025-08-27T05:20:05.512Z","type":"bets","status":"start","message":"Starting bet results update after game results"}
{"timestamp":"2025-08-27T05:20:05.540Z","type":"results","status":"success","message":"Game results and bet results update completed","gameResultsUpdated":0,"gameResultsDetail":{"totalUpdated":0,"newGames":0,"existingGamesUpdated":0,"skippedGames":0,"categoriesProcessed":13},"betResultsUpdated":0,"categoryCount":14}
{"timestamp":"2025-08-27T05:30:00.750Z","type":"results","status":"start","message":"Starting cost-efficient game results update","categoryCount":14}
{"timestamp":"2025-08-27T05:30:00.755Z","type":"epl","status":"start","message":"EPL 프리미어리그 데이터 강제 업데이트"}
{"timestamp":"2025-08-27T05:30:02.414Z","type":"epl","status":"success","message":"EPL 프리미어리그 데이터 업데이트 완료"}
{"timestamp":"2025-08-27T05:30:06.294Z","type":"bets","status":"start","message":"Starting bet results update after game results"}
{"timestamp":"2025-08-27T05:30:06.321Z","type":"results","status":"success","message":"Game results and bet results update completed","gameResultsUpdated":0,"gameResultsDetail":{"totalUpdated":0,"newGames":0,"existingGamesUpdated":0,"skippedGames":0,"categoriesProcessed":13},"betResultsUpdated":0,"categoryCount":14}
{"timestamp":"2025-08-27T05:31:24.263Z","type":"monitor","status":"info","message":"Scheduler status check","isUpdatingResults":false,"isUpdatingOdds":false,"lastUpdateTime":"2025-08-27T05:30:06.321Z","activeCategories":["NBA","MLB","KBO","NFL","프리미어리그","MLS","KLEAGUE","JLEAGUE","SERIEA","BRASILEIRAO","ARGENTINA_PRIMERA","CSL","LALIGA","BUNDESLIGA"],"uptime":86679.318250208,"apiCallEstimate":"~28 calls per hour","memory":{"used":"83MB","total":"91MB"}}
{"timestamp":"2025-08-27T05:40:00.339Z","type":"results","status":"start","message":"Starting cost-efficient game results update","categoryCount":14}
{"timestamp":"2025-08-27T05:40:05.556Z","type":"bets","status":"start","message":"Starting bet results update after game results"}
{"timestamp":"2025-08-27T05:40:05.580Z","type":"results","status":"success","message":"Game results and bet results update completed","gameResultsUpdated":0,"gameResultsDetail":{"totalUpdated":0,"newGames":0,"existingGamesUpdated":0,"skippedGames":0,"categoriesProcessed":13},"betResultsUpdated":0,"categoryCount":14}
{"timestamp":"2025-08-27T05:50:00.994Z","type":"results","status":"start","message":"Starting cost-efficient game results update","categoryCount":14}
{"timestamp":"2025-08-27T05:50:05.865Z","type":"bets","status":"start","message":"Starting bet results update after game results"}
{"timestamp":"2025-08-27T05:50:05.885Z","type":"results","status":"success","message":"Game results and bet results update completed","gameResultsUpdated":0,"gameResultsDetail":{"totalUpdated":0,"newGames":0,"existingGamesUpdated":0,"skippedGames":0,"categoriesProcessed":13},"betResultsUpdated":0,"categoryCount":14}
{"timestamp":"2025-08-27T06:00:00.479Z","type":"results","status":"start","message":"Starting cost-efficient game results update","categoryCount":14}
{"timestamp":"2025-08-27T06:00:00.485Z","type":"odds_temp","status":"start","message":"Starting TEMPORARY low-priority leagues odds update (72hour interval - 500K limit)","priority":"low_temp","leagues":["BRASILEIRAO","ARGENTINA_PRIMERA","CSL","LALIGA","BUNDESLIGA"],"note":"Temporary scheduler due to 500K API limit"}
{"timestamp":"2025-08-27T06:00:00.488Z","type":"epl","status":"start","message":"EPL 프리미어리그 데이터 강제 업데이트"}
{"timestamp":"2025-08-27T06:00:02.054Z","type":"odds_temp","status":"success","message":"Temporary low-priority odds update completed (72hour interval)","priority":"low_temp","leagues":["BRASILEIRAO","ARGENTINA_PRIMERA","CSL","LALIGA","BUNDESLIGA"],"oddsUpdated":0,"oddsDetail":{"totalUpdated":0,"newOdds":0,"existingOddsUpdated":0,"skippedOdds":5,"apiCalls":5,"categoriesProcessed":5},"note":"Temporary scheduler due to 500K API limit"}
{"timestamp":"2025-08-27T06:00:04.704Z","type":"epl","status":"success","message":"EPL 프리미어리그 데이터 업데이트 완료"}
{"timestamp":"2025-08-27T06:00:05.915Z","type":"bets","status":"start","message":"Starting bet results update after game results"}
{"timestamp":"2025-08-27T06:00:05.936Z","type":"results","status":"success","message":"Game results and bet results update completed","gameResultsUpdated":0,"gameResultsDetail":{"totalUpdated":0,"newGames":0,"existingGamesUpdated":0,"skippedGames":0,"categoriesProcessed":13},"betResultsUpdated":0,"categoryCount":14}
{"timestamp":"2025-08-27T06:10:00.296Z","type":"results","status":"start","message":"Starting cost-efficient game results update","categoryCount":14}
{"timestamp":"2025-08-27T06:10:04.670Z","type":"bets","status":"start","message":"Starting bet results update after game results"}
{"timestamp":"2025-08-27T06:10:04.693Z","type":"results","status":"success","message":"Game results and bet results update completed","gameResultsUpdated":0,"gameResultsDetail":{"totalUpdated":0,"newGames":0,"existingGamesUpdated":0,"skippedGames":0,"categoriesProcessed":13},"betResultsUpdated":0,"categoryCount":14}
{"timestamp":"2025-08-27T06:20:00.239Z","type":"results","status":"start","message":"Starting cost-efficient game results update","categoryCount":14}
{"timestamp":"2025-08-27T06:20:05.773Z","type":"bets","status":"start","message":"Starting bet results update after game results"}
{"timestamp":"2025-08-27T06:20:05.787Z","type":"results","status":"success","message":"Game results and bet results update completed","gameResultsUpdated":0,"gameResultsDetail":{"totalUpdated":0,"newGames":0,"existingGamesUpdated":0,"skippedGames":0,"categoriesProcessed":13},"betResultsUpdated":0,"categoryCount":14}
{"timestamp":"2025-08-27T06:30:00.304Z","type":"results","status":"start","message":"Starting cost-efficient game results update","categoryCount":14}
{"timestamp":"2025-08-27T06:30:00.310Z","type":"epl","status":"start","message":"EPL 프리미어리그 데이터 강제 업데이트"}
{"timestamp":"2025-08-27T06:30:01.361Z","type":"epl","status":"success","message":"EPL 프리미어리그 데이터 업데이트 완료"}
{"timestamp":"2025-08-27T06:30:05.332Z","type":"bets","status":"start","message":"Starting bet results update after game results"}
{"timestamp":"2025-08-27T06:30:05.354Z","type":"results","status":"success","message":"Game results and bet results update completed","gameResultsUpdated":0,"gameResultsDetail":{"totalUpdated":0,"newGames":0,"existingGamesUpdated":0,"skippedGames":0,"categoriesProcessed":13},"betResultsUpdated":0,"categoryCount":14}
{"timestamp":"2025-08-27T06:31:24.263Z","type":"monitor","status":"info","message":"Scheduler status check","isUpdatingResults":false,"isUpdatingOdds":false,"lastUpdateTime":"2025-08-27T06:30:05.354Z","activeCategories":["NBA","MLB","KBO","NFL","프리미어리그","MLS","KLEAGUE","JLEAGUE","SERIEA","BRASILEIRAO","ARGENTINA_PRIMERA","CSL","LALIGA","BUNDESLIGA"],"uptime":90279.319228833,"apiCallEstimate":"~28 calls per hour","memory":{"used":"85MB","total":"91MB"}}
{"timestamp":"2025-08-27T06:38:36.950Z","type":"init","status":"start","message":"Starting initial data caching for active categories","categoryCount":14}
{"timestamp":"2025-08-27T06:38:42.128Z","type":"init","status":"success","message":"Initial data cached successfully for active categories","oddsUpdated":12,"resultsUpdated":"N/A","betsUpdated":0,"categoryCount":14}
{"timestamp":"2025-08-27T06:40:00.049Z","type":"results","status":"start","message":"Starting cost-efficient game results update","categoryCount":14}
{"timestamp":"2025-08-27T06:40:00.967Z","type":"results","status":"start","message":"Starting cost-efficient game results update","categoryCount":14}
{"timestamp":"2025-08-27T06:40:05.142Z","type":"bets","status":"start","message":"Starting bet results update after game results"}
{"timestamp":"2025-08-27T06:40:05.163Z","type":"results","status":"success","message":"Game results and bet results update completed","gameResultsUpdated":0,"gameResultsDetail":{"totalUpdated":0,"newGames":0,"existingGamesUpdated":0,"skippedGames":0,"categoriesProcessed":13},"betResultsUpdated":0,"categoryCount":14}
{"timestamp":"2025-08-27T06:40:05.486Z","type":"bets","status":"start","message":"Starting bet results update after game results"}
{"timestamp":"2025-08-27T06:40:05.509Z","type":"results","status":"success","message":"Game results and bet results update completed","gameResultsUpdated":0,"gameResultsDetail":{"totalUpdated":0,"newGames":0,"existingGamesUpdated":0,"skippedGames":0,"categoriesProcessed":13},"betResultsUpdated":0,"categoryCount":14}
{"timestamp":"2025-08-27T07:01:45.676Z","type":"init","status":"start","message":"Starting initial data caching for active categories","categoryCount":14}
{"timestamp":"2025-08-27T07:01:51.950Z","type":"init","status":"success","message":"Initial data cached successfully for active categories","oddsUpdated":12,"resultsUpdated":"N/A","betsUpdated":0,"categoryCount":14}
{"timestamp":"2025-08-27T07:06:10.813Z","type":"init","status":"start","message":"Starting initial data caching for active categories","categoryCount":14}
{"timestamp":"2025-08-27T07:06:16.238Z","type":"init","status":"success","message":"Initial data cached successfully for active categories","oddsUpdated":12,"resultsUpdated":"N/A","betsUpdated":0,"categoryCount":14}
{"timestamp":"2025-08-27T07:08:32.327Z","type":"init","status":"start","message":"Starting initial data caching for active categories","categoryCount":14}
{"timestamp":"2025-08-27T07:08:37.422Z","type":"init","status":"success","message":"Initial data cached successfully for active categories","oddsUpdated":12,"resultsUpdated":"N/A","betsUpdated":0,"categoryCount":14}
{"timestamp":"2025-08-27T07:10:00.403Z","type":"results","status":"start","message":"Starting cost-efficient game results update","categoryCount":14}
{"timestamp":"2025-08-27T07:10:05.077Z","type":"bets","status":"start","message":"Starting bet results update after game results"}
{"timestamp":"2025-08-27T07:10:05.102Z","type":"results","status":"success","message":"Game results and bet results update completed","gameResultsUpdated":0,"gameResultsDetail":{"totalUpdated":0,"newGames":0,"existingGamesUpdated":0,"skippedGames":0,"categoriesProcessed":13},"betResultsUpdated":0,"categoryCount":14}
{"timestamp":"2025-08-27T07:20:00.103Z","type":"results","status":"start","message":"Starting cost-efficient game results update","categoryCount":14}
{"timestamp":"2025-08-27T07:20:06.559Z","type":"bets","status":"start","message":"Starting bet results update after game results"}
{"timestamp":"2025-08-27T07:20:06.575Z","type":"results","status":"success","message":"Game results and bet results update completed","gameResultsUpdated":0,"gameResultsDetail":{"totalUpdated":0,"newGames":0,"existingGamesUpdated":0,"skippedGames":0,"categoriesProcessed":13},"betResultsUpdated":0,"categoryCount":14}
{"timestamp":"2025-08-27T07:30:00.800Z","type":"results","status":"start","message":"Starting cost-efficient game results update","categoryCount":14}
{"timestamp":"2025-08-27T07:30:00.805Z","type":"odds","status":"start","message":"Starting high-priority leagues odds update (30min interval)","priority":"high","leagues":["NBA","MLB","KBO","NFL","프리미어리그"]}
{"timestamp":"2025-08-27T07:30:00.809Z","type":"epl","status":"start","message":"EPL 프리미어리그 데이터 강제 업데이트"}
{"timestamp":"2025-08-27T07:30:01.626Z","type":"epl","status":"success","message":"EPL 프리미어리그 데이터 업데이트 완료"}
{"timestamp":"2025-08-27T07:30:03.106Z","type":"odds","status":"success","message":"High-priority odds update completed (30min interval)","priority":"medium","leagues":["NBA","MLB","KBO","NFL","프리미어리그"],"dynamicPriority":"low","oddsUpdated":3,"oddsDetail":{"totalUpdated":3,"newOdds":0,"existingOddsUpdated":3,"skippedOdds":4,"apiCalls":5,"categoriesProcessed":5}}
{"timestamp":"2025-08-27T07:30:05.823Z","type":"bets","status":"start","message":"Starting bet results update after game results"}
{"timestamp":"2025-08-27T07:30:05.840Z","type":"results","status":"success","message":"Game results and bet results update completed","gameResultsUpdated":0,"gameResultsDetail":{"totalUpdated":0,"newGames":0,"existingGamesUpdated":0,"skippedGames":0,"categoriesProcessed":13},"betResultsUpdated":0,"categoryCount":14}
{"timestamp":"2025-08-27T07:38:58.455Z","type":"init","status":"start","message":"Starting initial data caching for active categories","categoryCount":14}
{"timestamp":"2025-08-27T07:39:03.762Z","type":"init","status":"success","message":"Initial data cached successfully for active categories","oddsUpdated":12,"resultsUpdated":"N/A","betsUpdated":0,"categoryCount":14}
{"timestamp":"2025-08-27T07:40:00.591Z","type":"results","status":"start","message":"Starting cost-efficient game results update","categoryCount":14}
{"timestamp":"2025-08-27T07:40:05.542Z","type":"bets","status":"start","message":"Starting bet results update after game results"}
{"timestamp":"2025-08-27T07:40:05.560Z","type":"results","status":"success","message":"Game results and bet results update completed","gameResultsUpdated":0,"gameResultsDetail":{"totalUpdated":0,"newGames":0,"existingGamesUpdated":0,"skippedGames":0,"categoriesProcessed":13},"betResultsUpdated":0,"categoryCount":14}
{"timestamp":"2025-08-27T07:45:56.894Z","type":"init","status":"start","message":"Starting initial data caching for active categories","categoryCount":14}
{"timestamp":"2025-08-27T07:50:00.202Z","type":"results","status":"start","message":"Starting cost-efficient game results update","categoryCount":14}
{"timestamp":"2025-08-27T07:50:05.050Z","type":"bets","status":"start","message":"Starting bet results update after game results"}
{"timestamp":"2025-08-27T07:50:05.073Z","type":"results","status":"success","message":"Game results and bet results update completed","gameResultsUpdated":0,"gameResultsDetail":{"totalUpdated":0,"newGames":0,"existingGamesUpdated":0,"skippedGames":0,"categoriesProcessed":13},"betResultsUpdated":0,"categoryCount":14}
{"timestamp":"2025-08-27T08:00:00.017Z","type":"results","status":"start","message":"Starting cost-efficient game results update","categoryCount":14}
{"timestamp":"2025-08-27T08:00:00.027Z","type":"odds","status":"start","message":"Starting high-priority leagues odds update (30min interval)","priority":"high","leagues":["NBA","MLB","KBO","NFL","프리미어리그"]}
{"timestamp":"2025-08-27T08:00:00.034Z","type":"epl","status":"start","message":"EPL 프리미어리그 데이터 강제 업데이트"}
{"timestamp":"2025-08-27T08:00:00.899Z","type":"epl","status":"success","message":"EPL 프리미어리그 데이터 업데이트 완료"}
{"timestamp":"2025-08-27T08:00:02.083Z","type":"odds","status":"success","message":"High-priority odds update completed (30min interval)","priority":"medium","leagues":["NBA","MLB","KBO","NFL","프리미어리그"],"dynamicPriority":"low","oddsUpdated":3,"oddsDetail":{"totalUpdated":3,"newOdds":0,"existingOddsUpdated":3,"skippedOdds":4,"apiCalls":5,"categoriesProcessed":5}}
{"timestamp":"2025-08-27T08:00:05.714Z","type":"bets","status":"start","message":"Starting bet results update after game results"}
{"timestamp":"2025-08-27T08:00:05.746Z","type":"results","status":"success","message":"Game results and bet results update completed","gameResultsUpdated":0,"gameResultsDetail":{"totalUpdated":0,"newGames":0,"existingGamesUpdated":0,"skippedGames":0,"categoriesProcessed":13},"betResultsUpdated":0,"categoryCount":14}
{"timestamp":"2025-08-27T08:05:27.926Z","type":"init","status":"start","message":"Starting initial data caching for active categories","categoryCount":14}
{"timestamp":"2025-08-27T08:06:26.451Z","type":"init","status":"start","message":"Starting initial data caching for active categories","categoryCount":14}
{"timestamp":"2025-08-27T08:06:31.978Z","type":"init","status":"success","message":"Initial data cached successfully for active categories","oddsUpdated":12,"resultsUpdated":"N/A","betsUpdated":0,"categoryCount":14}
{"timestamp":"2025-08-27T08:10:00.879Z","type":"results","status":"start","message":"Starting cost-efficient game results update","categoryCount":14}
{"timestamp":"2025-08-27T08:10:03.293Z","type":"init","status":"start","message":"Starting initial data caching for active categories","categoryCount":14}
{"timestamp":"2025-08-27T08:10:06.617Z","type":"bets","status":"start","message":"Starting bet results update after game results"}
{"timestamp":"2025-08-27T08:10:06.652Z","type":"results","status":"success","message":"Game results and bet results update completed","gameResultsUpdated":0,"gameResultsDetail":{"totalUpdated":0,"newGames":0,"existingGamesUpdated":0,"skippedGames":0,"categoriesProcessed":13},"betResultsUpdated":0,"categoryCount":14}
{"timestamp":"2025-08-27T08:20:00.663Z","type":"results","status":"start","message":"Starting cost-efficient game results update","categoryCount":14}
{"timestamp":"2025-08-27T08:20:05.173Z","type":"bets","status":"start","message":"Starting bet results update after game results"}
{"timestamp":"2025-08-27T08:20:05.194Z","type":"results","status":"success","message":"Game results and bet results update completed","gameResultsUpdated":0,"gameResultsDetail":{"totalUpdated":0,"newGames":0,"existingGamesUpdated":0,"skippedGames":0,"categoriesProcessed":13},"betResultsUpdated":0,"categoryCount":14}
{"timestamp":"2025-08-27T08:30:00.409Z","type":"results","status":"start","message":"Starting cost-efficient game results update","categoryCount":14}
{"timestamp":"2025-08-27T08:30:00.420Z","type":"odds","status":"start","message":"Starting high-priority leagues odds update (30min interval)","priority":"high","leagues":["NBA","MLB","KBO","NFL","프리미어리그"]}
{"timestamp":"2025-08-27T08:30:00.429Z","type":"epl","status":"start","message":"EPL 프리미어리그 데이터 강제 업데이트"}
{"timestamp":"2025-08-27T08:30:02.060Z","type":"epl","status":"success","message":"EPL 프리미어리그 데이터 업데이트 완료"}
{"timestamp":"2025-08-27T08:30:02.624Z","type":"odds","status":"success","message":"High-priority odds update completed (30min interval)","priority":"medium","leagues":["NBA","MLB","KBO","NFL","프리미어리그"],"dynamicPriority":"low","oddsUpdated":3,"oddsDetail":{"totalUpdated":3,"newOdds":0,"existingOddsUpdated":3,"skippedOdds":4,"apiCalls":5,"categoriesProcessed":5}}
{"timestamp":"2025-08-27T08:30:04.673Z","type":"bets","status":"start","message":"Starting bet results update after game results"}
{"timestamp":"2025-08-27T08:30:04.699Z","type":"results","status":"success","message":"Game results and bet results update completed","gameResultsUpdated":0,"gameResultsDetail":{"totalUpdated":0,"newGames":0,"existingGamesUpdated":0,"skippedGames":0,"categoriesProcessed":13},"betResultsUpdated":0,"categoryCount":14}
{"timestamp":"2025-08-27T08:40:00.018Z","type":"results","status":"start","message":"Starting cost-efficient game results update","categoryCount":14}
{"timestamp":"2025-08-27T08:40:05.042Z","type":"bets","status":"start","message":"Starting bet results update after game results"}
{"timestamp":"2025-08-27T08:40:05.067Z","type":"results","status":"success","message":"Game results and bet results update completed","gameResultsUpdated":0,"gameResultsDetail":{"totalUpdated":0,"newGames":0,"existingGamesUpdated":0,"skippedGames":0,"categoriesProcessed":13},"betResultsUpdated":0,"categoryCount":14}
{"timestamp":"2025-08-27T08:50:00.671Z","type":"results","status":"start","message":"Starting cost-efficient game results update","categoryCount":14}
{"timestamp":"2025-08-27T08:50:05.246Z","type":"bets","status":"start","message":"Starting bet results update after game results"}
{"timestamp":"2025-08-27T08:50:05.271Z","type":"results","status":"success","message":"Game results and bet results update completed","gameResultsUpdated":0,"gameResultsDetail":{"totalUpdated":0,"newGames":0,"existingGamesUpdated":0,"skippedGames":0,"categoriesProcessed":13},"betResultsUpdated":0,"categoryCount":14}
{"timestamp":"2025-08-27T09:00:00.308Z","type":"results","status":"start","message":"Starting cost-efficient game results update","categoryCount":14}
{"timestamp":"2025-08-27T09:00:00.314Z","type":"odds","status":"start","message":"Starting high-priority leagues odds update (30min interval)","priority":"high","leagues":["NBA","MLB","KBO","NFL","프리미어리그"]}
{"timestamp":"2025-08-27T09:00:00.317Z","type":"odds","status":"start","message":"Starting medium-priority leagues odds update (2hour interval)","priority":"medium","leagues":["MLS","KLEAGUE","JLEAGUE","SERIEA"]}
{"timestamp":"2025-08-27T09:00:00.321Z","type":"epl","status":"start","message":"EPL 프리미어리그 데이터 강제 업데이트"}
{"timestamp":"2025-08-27T09:00:01.747Z","type":"epl","status":"success","message":"EPL 프리미어리그 데이터 업데이트 완료"}
{"timestamp":"2025-08-27T09:00:01.837Z","type":"odds","status":"success","message":"Medium-priority odds update completed (2hour interval)","priority":"medium","leagues":["MLS","KLEAGUE","JLEAGUE","SERIEA"],"dynamicPriority":"low","oddsUpdated":4,"oddsDetail":{"totalUpdated":4,"newOdds":0,"existingOddsUpdated":4,"skippedOdds":4,"apiCalls":4,"categoriesProcessed":4}}
{"timestamp":"2025-08-27T09:00:02.782Z","type":"odds","status":"success","message":"High-priority odds update completed (30min interval)","priority":"medium","leagues":["NBA","MLB","KBO","NFL","프리미어리그"],"dynamicPriority":"low","oddsUpdated":3,"oddsDetail":{"totalUpdated":3,"newOdds":0,"existingOddsUpdated":3,"skippedOdds":4,"apiCalls":5,"categoriesProcessed":5}}
{"timestamp":"2025-08-27T09:00:06.094Z","type":"bets","status":"start","message":"Starting bet results update after game results"}
{"timestamp":"2025-08-27T09:00:06.122Z","type":"results","status":"success","message":"Game results and bet results update completed","gameResultsUpdated":0,"gameResultsDetail":{"totalUpdated":0,"newGames":0,"existingGamesUpdated":0,"skippedGames":0,"categoriesProcessed":13},"betResultsUpdated":0,"categoryCount":14}
{"timestamp":"2025-08-27T09:06:26.368Z","type":"monitor","status":"info","message":"Scheduler status check","isUpdatingResults":false,"isUpdatingOdds":false,"lastUpdateTime":"2025-08-27T09:00:06.122Z","activeCategories":["NBA","MLB","KBO","NFL","프리미어리그","MLS","KLEAGUE","JLEAGUE","SERIEA","BRASILEIRAO","ARGENTINA_PRIMERA","CSL","LALIGA","BUNDESLIGA"],"uptime":3600.922189708,"apiCallEstimate":"~28 calls per hour","memory":{"used":"79MB","total":"94MB"}}
{"timestamp":"2025-08-27T09:10:00.033Z","type":"results","status":"start","message":"Starting cost-efficient game results update","categoryCount":14}
{"timestamp":"2025-08-27T09:10:05.312Z","type":"bets","status":"start","message":"Starting bet results update after game results"}
{"timestamp":"2025-08-27T09:10:05.332Z","type":"results","status":"success","message":"Game results and bet results update completed","gameResultsUpdated":0,"gameResultsDetail":{"totalUpdated":0,"newGames":0,"existingGamesUpdated":0,"skippedGames":0,"categoriesProcessed":13},"betResultsUpdated":0,"categoryCount":14}
{"timestamp":"2025-08-27T09:20:00.654Z","type":"results","status":"start","message":"Starting cost-efficient game results update","categoryCount":14}
{"timestamp":"2025-08-27T09:20:07.004Z","type":"bets","status":"start","message":"Starting bet results update after game results"}
{"timestamp":"2025-08-27T09:20:07.021Z","type":"results","status":"success","message":"Game results and bet results update completed","gameResultsUpdated":0,"gameResultsDetail":{"totalUpdated":0,"newGames":0,"existingGamesUpdated":0,"skippedGames":0,"categoriesProcessed":13},"betResultsUpdated":0,"categoryCount":14}
{"timestamp":"2025-08-27T09:30:00.266Z","type":"results","status":"start","message":"Starting cost-efficient game results update","categoryCount":14}
{"timestamp":"2025-08-27T09:30:00.270Z","type":"odds","status":"start","message":"Starting high-priority leagues odds update (30min interval)","priority":"high","leagues":["NBA","MLB","KBO","NFL","프리미어리그"]}
{"timestamp":"2025-08-27T09:30:00.274Z","type":"epl","status":"start","message":"EPL 프리미어리그 데이터 강제 업데이트"}
{"timestamp":"2025-08-27T09:30:01.063Z","type":"epl","status":"success","message":"EPL 프리미어리그 데이터 업데이트 완료"}
{"timestamp":"2025-08-27T09:30:02.241Z","type":"odds","status":"success","message":"High-priority odds update completed (30min interval)","priority":"medium","leagues":["NBA","MLB","KBO","NFL","프리미어리그"],"dynamicPriority":"low","oddsUpdated":3,"oddsDetail":{"totalUpdated":3,"newOdds":0,"existingOddsUpdated":3,"skippedOdds":4,"apiCalls":5,"categoriesProcessed":5}}
{"timestamp":"2025-08-27T09:30:06.768Z","type":"bets","status":"start","message":"Starting bet results update after game results"}
{"timestamp":"2025-08-27T09:30:06.786Z","type":"results","status":"success","message":"Game results and bet results update completed","gameResultsUpdated":0,"gameResultsDetail":{"totalUpdated":0,"newGames":0,"existingGamesUpdated":0,"skippedGames":0,"categoriesProcessed":13},"betResultsUpdated":0,"categoryCount":14}
{"timestamp":"2025-08-27T09:40:00.914Z","type":"results","status":"start","message":"Starting cost-efficient game results update","categoryCount":14}
{"timestamp":"2025-08-27T09:40:06.783Z","type":"bets","status":"start","message":"Starting bet results update after game results"}
{"timestamp":"2025-08-27T09:40:06.811Z","type":"results","status":"success","message":"Game results and bet results update completed","gameResultsUpdated":0,"gameResultsDetail":{"totalUpdated":0,"newGames":0,"existingGamesUpdated":0,"skippedGames":0,"categoriesProcessed":13},"betResultsUpdated":0,"categoryCount":14}
{"timestamp":"2025-08-27T09:50:00.640Z","type":"results","status":"start","message":"Starting cost-efficient game results update","categoryCount":14}
{"timestamp":"2025-08-27T09:50:05.253Z","type":"bets","status":"start","message":"Starting bet results update after game results"}
{"timestamp":"2025-08-27T09:50:05.273Z","type":"results","status":"success","message":"Game results and bet results update completed","gameResultsUpdated":0,"gameResultsDetail":{"totalUpdated":0,"newGames":0,"existingGamesUpdated":0,"skippedGames":0,"categoriesProcessed":13},"betResultsUpdated":0,"categoryCount":14}
{"timestamp":"2025-08-27T10:00:00.291Z","type":"results","status":"start","message":"Starting cost-efficient game results update","categoryCount":14}
{"timestamp":"2025-08-27T10:00:00.300Z","type":"odds","status":"start","message":"Starting high-priority leagues odds update (30min interval)","priority":"high","leagues":["NBA","MLB","KBO","NFL","프리미어리그"]}
{"timestamp":"2025-08-27T10:00:00.304Z","type":"epl","status":"start","message":"EPL 프리미어리그 데이터 강제 업데이트"}
{"timestamp":"2025-08-27T10:00:01.621Z","type":"epl","status":"success","message":"EPL 프리미어리그 데이터 업데이트 완료"}
{"timestamp":"2025-08-27T10:00:02.915Z","type":"odds","status":"success","message":"High-priority odds update completed (30min interval)","priority":"medium","leagues":["NBA","MLB","KBO","NFL","프리미어리그"],"dynamicPriority":"low","oddsUpdated":3,"oddsDetail":{"totalUpdated":3,"newOdds":1,"existingOddsUpdated":2,"skippedOdds":4,"apiCalls":5,"categoriesProcessed":5}}
{"timestamp":"2025-08-27T10:00:05.125Z","type":"bets","status":"start","message":"Starting bet results update after game results"}
{"timestamp":"2025-08-27T10:00:05.154Z","type":"results","status":"success","message":"Game results and bet results update completed","gameResultsUpdated":0,"gameResultsDetail":{"totalUpdated":0,"newGames":0,"existingGamesUpdated":0,"skippedGames":0,"categoriesProcessed":13},"betResultsUpdated":0,"categoryCount":14}
{"timestamp":"2025-08-27T10:06:26.459Z","type":"monitor","status":"info","message":"Scheduler status check","isUpdatingResults":false,"isUpdatingOdds":false,"lastUpdateTime":"2025-08-27T10:00:05.154Z","activeCategories":["NBA","MLB","KBO","NFL","프리미어리그","MLS","KLEAGUE","JLEAGUE","SERIEA","BRASILEIRAO","ARGENTINA_PRIMERA","CSL","LALIGA","BUNDESLIGA"],"uptime":7200.923414125,"apiCallEstimate":"~28 calls per hour","memory":{"used":"78MB","total":"93MB"}}
{"timestamp":"2025-08-27T10:10:00.945Z","type":"results","status":"start","message":"Starting cost-efficient game results update","categoryCount":14}
{"timestamp":"2025-08-27T10:10:05.848Z","type":"bets","status":"start","message":"Starting bet results update after game results"}
{"timestamp":"2025-08-27T10:10:05.867Z","type":"results","status":"success","message":"Game results and bet results update completed","gameResultsUpdated":0,"gameResultsDetail":{"totalUpdated":0,"newGames":0,"existingGamesUpdated":0,"skippedGames":0,"categoriesProcessed":13},"betResultsUpdated":0,"categoryCount":14}
{"timestamp":"2025-08-27T10:20:00.612Z","type":"results","status":"start","message":"Starting cost-efficient game results update","categoryCount":14}
{"timestamp":"2025-08-27T10:20:06.101Z","type":"bets","status":"start","message":"Starting bet results update after game results"}
{"timestamp":"2025-08-27T10:20:06.123Z","type":"results","status":"success","message":"Game results and bet results update completed","gameResultsUpdated":0,"gameResultsDetail":{"totalUpdated":0,"newGames":0,"existingGamesUpdated":0,"skippedGames":0,"categoriesProcessed":13},"betResultsUpdated":0,"categoryCount":14}
{"timestamp":"2025-08-27T10:30:00.334Z","type":"results","status":"start","message":"Starting cost-efficient game results update","categoryCount":14}
{"timestamp":"2025-08-27T10:30:00.341Z","type":"odds","status":"start","message":"Starting high-priority leagues odds update (30min interval)","priority":"high","leagues":["NBA","MLB","KBO","NFL","프리미어리그"]}
{"timestamp":"2025-08-27T10:30:00.347Z","type":"epl","status":"start","message":"EPL 프리미어리그 데이터 강제 업데이트"}
{"timestamp":"2025-08-27T10:30:02.416Z","type":"odds","status":"success","message":"High-priority odds update completed (30min interval)","priority":"medium","leagues":["NBA","MLB","KBO","NFL","프리미어리그"],"dynamicPriority":"low","oddsUpdated":3,"oddsDetail":{"totalUpdated":3,"newOdds":0,"existingOddsUpdated":3,"skippedOdds":4,"apiCalls":5,"categoriesProcessed":5}}
{"timestamp":"2025-08-27T10:30:02.508Z","type":"epl","status":"success","message":"EPL 프리미어리그 데이터 업데이트 완료"}
{"timestamp":"2025-08-27T10:30:06.302Z","type":"bets","status":"start","message":"Starting bet results update after game results"}
{"timestamp":"2025-08-27T10:30:06.320Z","type":"results","status":"success","message":"Game results and bet results update completed","gameResultsUpdated":0,"gameResultsDetail":{"totalUpdated":0,"newGames":0,"existingGamesUpdated":0,"skippedGames":0,"categoriesProcessed":13},"betResultsUpdated":0,"categoryCount":14}
{"timestamp":"2025-08-27T10:32:56.912Z","type":"init","status":"start","message":"Starting initial data caching for active categories","categoryCount":14}
{"timestamp":"2025-08-27T10:33:02.262Z","type":"init","status":"success","message":"Initial data cached successfully for active categories","oddsUpdated":12,"resultsUpdated":"N/A","betsUpdated":0,"categoryCount":14}
{"timestamp":"2025-08-27T10:35:53.270Z","type":"init","status":"start","message":"Starting initial data caching for active categories","categoryCount":14}
{"timestamp":"2025-08-27T10:36:02.169Z","type":"init","status":"success","message":"Initial data cached successfully for active categories","oddsUpdated":129,"resultsUpdated":"N/A","betsUpdated":0,"categoryCount":14}
{"timestamp":"2025-08-27T10:40:00.549Z","type":"results","status":"start","message":"Starting cost-efficient game results update","categoryCount":14}
{"timestamp":"2025-08-27T10:40:06.957Z","type":"bets","status":"start","message":"Starting bet results update after game results"}
{"timestamp":"2025-08-27T10:40:07.004Z","type":"results","status":"success","message":"Game results and bet results update completed","gameResultsUpdated":0,"gameResultsDetail":{"totalUpdated":0,"newGames":0,"existingGamesUpdated":0,"skippedGames":0,"categoriesProcessed":14},"betResultsUpdated":0,"categoryCount":14}
{"timestamp":"2025-08-27T10:41:36.679Z","type":"init","status":"start","message":"Starting initial data caching for active categories","categoryCount":14}
{"timestamp":"2025-08-27T10:41:43.302Z","type":"init","status":"start","message":"Starting initial data caching for active categories","categoryCount":14}
{"timestamp":"2025-08-27T10:41:53.243Z","type":"init","status":"success","message":"Initial data cached successfully for active categories","oddsUpdated":129,"resultsUpdated":"N/A","betsUpdated":0,"categoryCount":14}
{"timestamp":"2025-08-27T10:50:00.628Z","type":"results","status":"start","message":"Starting cost-efficient game results update","categoryCount":14}
{"timestamp":"2025-08-27T10:50:06.004Z","type":"bets","status":"start","message":"Starting bet results update after game results"}
{"timestamp":"2025-08-27T10:50:06.029Z","type":"results","status":"success","message":"Game results and bet results update completed","gameResultsUpdated":0,"gameResultsDetail":{"totalUpdated":0,"newGames":0,"existingGamesUpdated":0,"skippedGames":0,"categoriesProcessed":14},"betResultsUpdated":0,"categoryCount":14}
{"timestamp":"2025-08-27T11:00:00.263Z","type":"results","status":"start","message":"Starting cost-efficient game results update","categoryCount":14}
{"timestamp":"2025-08-27T11:00:00.268Z","type":"odds","status":"start","message":"Starting high-priority leagues odds update (30min interval)","priority":"high","leagues":["NBA","MLB","KBO","NFL","프리미어리그"]}
{"timestamp":"2025-08-27T11:00:00.270Z","type":"odds","status":"start","message":"Starting medium-priority leagues odds update (2hour interval)","priority":"medium","leagues":["MLS","KLEAGUE","JLEAGUE","SERIEA"]}
{"timestamp":"2025-08-27T11:00:00.274Z","type":"epl","status":"start","message":"EPL 프리미어리그 데이터 강제 업데이트"}
{"timestamp":"2025-08-27T11:00:01.886Z","type":"epl","status":"success","message":"EPL 프리미어리그 데이터 업데이트 완료"}
{"timestamp":"2025-08-27T11:00:03.225Z","type":"odds","status":"success","message":"Medium-priority odds update completed (2hour interval)","priority":"medium","leagues":["MLS","KLEAGUE","JLEAGUE","SERIEA"],"dynamicPriority":"low","oddsUpdated":42,"oddsDetail":{"totalUpdated":42,"newOdds":0,"existingOddsUpdated":42,"skippedOdds":0,"apiCalls":4,"categoriesProcessed":4}}
{"timestamp":"2025-08-27T11:00:05.321Z","type":"odds","status":"success","message":"High-priority odds update completed (30min interval)","priority":"medium","leagues":["NBA","MLB","KBO","NFL","프리미어리그"],"dynamicPriority":"low","oddsUpdated":36,"oddsDetail":{"totalUpdated":36,"newOdds":0,"existingOddsUpdated":36,"skippedOdds":1,"apiCalls":5,"categoriesProcessed":5}}
{"timestamp":"2025-08-27T11:00:05.903Z","type":"bets","status":"start","message":"Starting bet results update after game results"}
{"timestamp":"2025-08-27T11:00:05.922Z","type":"results","status":"success","message":"Game results and bet results update completed","gameResultsUpdated":0,"gameResultsDetail":{"totalUpdated":0,"newGames":0,"existingGamesUpdated":0,"skippedGames":0,"categoriesProcessed":14},"betResultsUpdated":0,"categoryCount":14}
{"timestamp":"2025-08-27T11:30:00.239Z","type":"results","status":"start","message":"Starting cost-efficient game results update","categoryCount":14}
{"timestamp":"2025-08-27T11:30:00.242Z","type":"odds","status":"start","message":"Starting high-priority leagues odds update (30min interval)","priority":"high","leagues":["NBA","MLB","KBO","NFL","프리미어리그"]}
{"timestamp":"2025-08-27T11:30:00.245Z","type":"epl","status":"start","message":"EPL 프리미어리그 데이터 강제 업데이트"}
{"timestamp":"2025-08-27T11:30:03.285Z","type":"odds","status":"success","message":"High-priority odds update completed (30min interval)","priority":"medium","leagues":["NBA","MLB","KBO","NFL","프리미어리그"],"dynamicPriority":"low","oddsUpdated":36,"oddsDetail":{"totalUpdated":36,"newOdds":0,"existingOddsUpdated":36,"skippedOdds":1,"apiCalls":5,"categoriesProcessed":5}}
{"timestamp":"2025-08-27T11:30:03.858Z","type":"epl","status":"success","message":"EPL 프리미어리그 데이터 업데이트 완료"}
{"timestamp":"2025-08-27T11:30:05.465Z","type":"bets","status":"start","message":"Starting bet results update after game results"}
{"timestamp":"2025-08-27T11:30:05.492Z","type":"results","status":"success","message":"Game results and bet results update completed","gameResultsUpdated":0,"gameResultsDetail":{"totalUpdated":0,"newGames":0,"existingGamesUpdated":0,"skippedGames":0,"categoriesProcessed":14},"betResultsUpdated":0,"categoryCount":14}
{"timestamp":"2025-08-27T11:40:00.230Z","type":"results","status":"start","message":"Starting cost-efficient game results update","categoryCount":14}
{"timestamp":"2025-08-27T11:40:05.745Z","type":"bets","status":"start","message":"Starting bet results update after game results"}
{"timestamp":"2025-08-27T11:40:05.763Z","type":"results","status":"success","message":"Game results and bet results update completed","gameResultsUpdated":0,"gameResultsDetail":{"totalUpdated":0,"newGames":0,"existingGamesUpdated":0,"skippedGames":0,"categoriesProcessed":14},"betResultsUpdated":0,"categoryCount":14}
{"timestamp":"2025-08-27T11:41:36.500Z","type":"monitor","status":"info","message":"Scheduler status check","isUpdatingResults":false,"isUpdatingOdds":false,"lastUpdateTime":"2025-08-27T11:40:05.763Z","activeCategories":["NBA","MLB","KBO","NFL","프리미어리그","MLS","KLEAGUE","JLEAGUE","SERIEA","BRASILEIRAO","ARGENTINA_PRIMERA","CSL","LALIGA","BUNDESLIGA"],"uptime":3600.908828292,"apiCallEstimate":"~28 calls per hour","memory":{"used":"79MB","total":"92MB"}}
{"timestamp":"2025-08-27T11:50:00.445Z","type":"results","status":"start","message":"Starting cost-efficient game results update","categoryCount":14}
{"timestamp":"2025-08-27T11:50:06.133Z","type":"bets","status":"start","message":"Starting bet results update after game results"}
{"timestamp":"2025-08-27T11:50:06.157Z","type":"results","status":"success","message":"Game results and bet results update completed","gameResultsUpdated":0,"gameResultsDetail":{"totalUpdated":0,"newGames":0,"existingGamesUpdated":0,"skippedGames":0,"categoriesProcessed":14},"betResultsUpdated":0,"categoryCount":14}
{"timestamp":"2025-08-27T12:00:00.650Z","type":"results","status":"start","message":"Starting cost-efficient game results update","categoryCount":14}
{"timestamp":"2025-08-27T12:00:00.654Z","type":"odds","status":"start","message":"Starting high-priority leagues odds update (30min interval)","priority":"high","leagues":["NBA","MLB","KBO","NFL","프리미어리그"]}
{"timestamp":"2025-08-27T12:00:00.659Z","type":"epl","status":"start","message":"EPL 프리미어리그 데이터 강제 업데이트"}
{"timestamp":"2025-08-27T12:00:03.494Z","type":"epl","status":"success","message":"EPL 프리미어리그 데이터 업데이트 완료"}
{"timestamp":"2025-08-27T12:00:04.961Z","type":"odds","status":"success","message":"High-priority odds update completed (30min interval)","priority":"medium","leagues":["NBA","MLB","KBO","NFL","프리미어리그"],"dynamicPriority":"low","oddsUpdated":36,"oddsDetail":{"totalUpdated":36,"newOdds":0,"existingOddsUpdated":36,"skippedOdds":1,"apiCalls":5,"categoriesProcessed":5}}
{"timestamp":"2025-08-27T12:00:07.281Z","type":"bets","status":"start","message":"Starting bet results update after game results"}
{"timestamp":"2025-08-27T12:00:07.295Z","type":"results","status":"success","message":"Game results and bet results update completed","gameResultsUpdated":0,"gameResultsDetail":{"totalUpdated":0,"newGames":0,"existingGamesUpdated":0,"skippedGames":0,"categoriesProcessed":14},"betResultsUpdated":0,"categoryCount":14}
{"timestamp":"2025-08-27T12:10:00.047Z","type":"results","status":"start","message":"Starting cost-efficient game results update","categoryCount":14}
{"timestamp":"2025-08-27T12:10:04.973Z","type":"bets","status":"start","message":"Starting bet results update after game results"}
{"timestamp":"2025-08-27T12:10:05.001Z","type":"results","status":"success","message":"Game results and bet results update completed","gameResultsUpdated":0,"gameResultsDetail":{"totalUpdated":0,"newGames":0,"existingGamesUpdated":0,"skippedGames":0,"categoriesProcessed":14},"betResultsUpdated":0,"categoryCount":14}
{"timestamp":"2025-08-27T12:20:00.263Z","type":"results","status":"start","message":"Starting cost-efficient game results update","categoryCount":14}
{"timestamp":"2025-08-27T12:20:06.172Z","type":"bets","status":"start","message":"Starting bet results update after game results"}
{"timestamp":"2025-08-27T12:20:06.195Z","type":"results","status":"success","message":"Game results and bet results update completed","gameResultsUpdated":0,"gameResultsDetail":{"totalUpdated":0,"newGames":0,"existingGamesUpdated":0,"skippedGames":0,"categoriesProcessed":14},"betResultsUpdated":0,"categoryCount":14}
{"timestamp":"2025-08-27T12:30:00.429Z","type":"results","status":"start","message":"Starting cost-efficient game results update","categoryCount":14}
{"timestamp":"2025-08-27T12:30:00.435Z","type":"odds","status":"start","message":"Starting high-priority leagues odds update (30min interval)","priority":"high","leagues":["NBA","MLB","KBO","NFL","프리미어리그"]}
{"timestamp":"2025-08-27T12:30:00.440Z","type":"epl","status":"start","message":"EPL 프리미어리그 데이터 강제 업데이트"}
{"timestamp":"2025-08-27T12:30:03.515Z","type":"epl","status":"success","message":"EPL 프리미어리그 데이터 업데이트 완료"}
{"timestamp":"2025-08-27T12:30:03.920Z","type":"odds","status":"success","message":"High-priority odds update completed (30min interval)","priority":"medium","leagues":["NBA","MLB","KBO","NFL","프리미어리그"],"dynamicPriority":"low","oddsUpdated":35,"oddsDetail":{"totalUpdated":35,"newOdds":0,"existingOddsUpdated":35,"skippedOdds":1,"apiCalls":5,"categoriesProcessed":5}}
{"timestamp":"2025-08-27T12:30:06.677Z","type":"bets","status":"start","message":"Starting bet results update after game results"}
{"timestamp":"2025-08-27T12:30:06.702Z","type":"results","status":"success","message":"Game results and bet results update completed","gameResultsUpdated":0,"gameResultsDetail":{"totalUpdated":0,"newGames":0,"existingGamesUpdated":0,"skippedGames":0,"categoriesProcessed":14},"betResultsUpdated":0,"categoryCount":14}
{"timestamp":"2025-08-27T12:40:00.610Z","type":"results","status":"start","message":"Starting cost-efficient game results update","categoryCount":14}
{"timestamp":"2025-08-27T12:40:06.862Z","type":"bets","status":"start","message":"Starting bet results update after game results"}
{"timestamp":"2025-08-27T12:40:06.893Z","type":"results","status":"success","message":"Game results and bet results update completed","gameResultsUpdated":0,"gameResultsDetail":{"totalUpdated":0,"newGames":0,"existingGamesUpdated":0,"skippedGames":0,"categoriesProcessed":14},"betResultsUpdated":0,"categoryCount":14}
{"timestamp":"2025-08-27T12:41:36.682Z","type":"monitor","status":"info","message":"Scheduler status check","isUpdatingResults":false,"isUpdatingOdds":false,"lastUpdateTime":"2025-08-27T12:40:06.893Z","activeCategories":["NBA","MLB","KBO","NFL","프리미어리그","MLS","KLEAGUE","JLEAGUE","SERIEA","BRASILEIRAO","ARGENTINA_PRIMERA","CSL","LALIGA","BUNDESLIGA"],"uptime":7200.916069959,"apiCallEstimate":"~28 calls per hour","memory":{"used":"80MB","total":"92MB"}}
{"timestamp":"2025-08-27T12:50:00.790Z","type":"results","status":"start","message":"Starting cost-efficient game results update","categoryCount":14}
{"timestamp":"2025-08-27T12:50:07.466Z","type":"bets","status":"start","message":"Starting bet results update after game results"}
{"timestamp":"2025-08-27T12:50:07.500Z","type":"results","status":"success","message":"Game results and bet results update completed","gameResultsUpdated":0,"gameResultsDetail":{"totalUpdated":0,"newGames":0,"existingGamesUpdated":0,"skippedGames":0,"categoriesProcessed":14},"betResultsUpdated":0,"categoryCount":14}
{"timestamp":"2025-08-27T13:00:00.891Z","type":"results","status":"start","message":"Starting cost-efficient game results update","categoryCount":14}
{"timestamp":"2025-08-27T13:00:00.896Z","type":"odds","status":"start","message":"Starting high-priority leagues odds update (30min interval)","priority":"high","leagues":["NBA","MLB","KBO","NFL","프리미어리그"]}
{"timestamp":"2025-08-27T13:00:00.898Z","type":"odds","status":"start","message":"Starting medium-priority leagues odds update (2hour interval)","priority":"medium","leagues":["MLS","KLEAGUE","JLEAGUE","SERIEA"]}
{"timestamp":"2025-08-27T13:00:00.903Z","type":"epl","status":"start","message":"EPL 프리미어리그 데이터 강제 업데이트"}
{"timestamp":"2025-08-27T13:00:02.234Z","type":"epl","status":"success","message":"EPL 프리미어리그 데이터 업데이트 완료"}
{"timestamp":"2025-08-27T13:00:03.036Z","type":"odds","status":"success","message":"Medium-priority odds update completed (2hour interval)","priority":"medium","leagues":["MLS","KLEAGUE","JLEAGUE","SERIEA"],"dynamicPriority":"low","oddsUpdated":42,"oddsDetail":{"totalUpdated":42,"newOdds":0,"existingOddsUpdated":42,"skippedOdds":0,"apiCalls":4,"categoriesProcessed":4}}
{"timestamp":"2025-08-27T13:00:04.044Z","type":"odds","status":"success","message":"High-priority odds update completed (30min interval)","priority":"medium","leagues":["NBA","MLB","KBO","NFL","프리미어리그"],"dynamicPriority":"low","oddsUpdated":34,"oddsDetail":{"totalUpdated":34,"newOdds":0,"existingOddsUpdated":34,"skippedOdds":1,"apiCalls":5,"categoriesProcessed":5}}
{"timestamp":"2025-08-27T13:00:05.551Z","type":"bets","status":"start","message":"Starting bet results update after game results"}
{"timestamp":"2025-08-27T13:00:05.576Z","type":"results","status":"success","message":"Game results and bet results update completed","gameResultsUpdated":0,"gameResultsDetail":{"totalUpdated":0,"newGames":0,"existingGamesUpdated":0,"skippedGames":0,"categoriesProcessed":14},"betResultsUpdated":0,"categoryCount":14}
{"timestamp":"2025-08-27T13:10:00.130Z","type":"results","status":"start","message":"Starting cost-efficient game results update","categoryCount":14}
{"timestamp":"2025-08-27T13:10:05.432Z","type":"bets","status":"start","message":"Starting bet results update after game results"}
{"timestamp":"2025-08-27T13:10:05.461Z","type":"results","status":"success","message":"Game results and bet results update completed","gameResultsUpdated":0,"gameResultsDetail":{"totalUpdated":0,"newGames":0,"existingGamesUpdated":0,"skippedGames":0,"categoriesProcessed":14},"betResultsUpdated":0,"categoryCount":14}
{"timestamp":"2025-08-27T13:20:00.373Z","type":"results","status":"start","message":"Starting cost-efficient game results update","categoryCount":14}
{"timestamp":"2025-08-27T13:20:06.878Z","type":"bets","status":"start","message":"Starting bet results update after game results"}
{"timestamp":"2025-08-27T13:20:06.899Z","type":"results","status":"success","message":"Game results and bet results update completed","gameResultsUpdated":0,"gameResultsDetail":{"totalUpdated":0,"newGames":0,"existingGamesUpdated":0,"skippedGames":0,"categoriesProcessed":14},"betResultsUpdated":0,"categoryCount":14}
{"timestamp":"2025-08-27T13:30:00.602Z","type":"results","status":"start","message":"Starting cost-efficient game results update","categoryCount":14}
{"timestamp":"2025-08-27T13:30:00.605Z","type":"odds","status":"start","message":"Starting high-priority leagues odds update (30min interval)","priority":"high","leagues":["NBA","MLB","KBO","NFL","프리미어리그"]}
{"timestamp":"2025-08-27T13:30:00.608Z","type":"epl","status":"start","message":"EPL 프리미어리그 데이터 강제 업데이트"}
{"timestamp":"2025-08-27T13:30:02.431Z","type":"epl","status":"success","message":"EPL 프리미어리그 데이터 업데이트 완료"}
{"timestamp":"2025-08-27T13:30:03.288Z","type":"odds","status":"success","message":"High-priority odds update completed (30min interval)","priority":"medium","leagues":["NBA","MLB","KBO","NFL","프리미어리그"],"dynamicPriority":"low","oddsUpdated":33,"oddsDetail":{"totalUpdated":33,"newOdds":2,"existingOddsUpdated":31,"skippedOdds":1,"apiCalls":5,"categoriesProcessed":5}}
{"timestamp":"2025-08-27T13:30:05.542Z","type":"bets","status":"start","message":"Starting bet results update after game results"}
{"timestamp":"2025-08-27T13:30:05.567Z","type":"results","status":"success","message":"Game results and bet results update completed","gameResultsUpdated":0,"gameResultsDetail":{"totalUpdated":0,"newGames":0,"existingGamesUpdated":0,"skippedGames":0,"categoriesProcessed":14},"betResultsUpdated":0,"categoryCount":14}
{"timestamp":"2025-08-27T13:40:00.812Z","type":"results","status":"start","message":"Starting cost-efficient game results update","categoryCount":14}
{"timestamp":"2025-08-27T13:40:06.236Z","type":"bets","status":"start","message":"Starting bet results update after game results"}
{"timestamp":"2025-08-27T13:40:06.254Z","type":"results","status":"success","message":"Game results and bet results update completed","gameResultsUpdated":0,"gameResultsDetail":{"totalUpdated":0,"newGames":0,"existingGamesUpdated":0,"skippedGames":0,"categoriesProcessed":14},"betResultsUpdated":0,"categoryCount":14}
{"timestamp":"2025-08-27T13:41:36.651Z","type":"monitor","status":"info","message":"Scheduler status check","isUpdatingResults":false,"isUpdatingOdds":false,"lastUpdateTime":"2025-08-27T13:40:06.254Z","activeCategories":["NBA","MLB","KBO","NFL","프리미어리그","MLS","KLEAGUE","JLEAGUE","SERIEA","BRASILEIRAO","ARGENTINA_PRIMERA","CSL","LALIGA","BUNDESLIGA"],"uptime":10800.9188925,"apiCallEstimate":"~28 calls per hour","memory":{"used":"79MB","total":"91MB"}}
{"timestamp":"2025-08-27T13:50:00.008Z","type":"results","status":"start","message":"Starting cost-efficient game results update","categoryCount":14}
{"timestamp":"2025-08-27T13:50:05.092Z","type":"bets","status":"start","message":"Starting bet results update after game results"}
{"timestamp":"2025-08-27T13:50:05.118Z","type":"results","status":"success","message":"Game results and bet results update completed","gameResultsUpdated":0,"gameResultsDetail":{"totalUpdated":0,"newGames":0,"existingGamesUpdated":0,"skippedGames":0,"categoriesProcessed":14},"betResultsUpdated":0,"categoryCount":14}
{"timestamp":"2025-08-27T14:00:00.218Z","type":"results","status":"start","message":"Starting cost-efficient game results update","categoryCount":14}
{"timestamp":"2025-08-27T14:00:00.224Z","type":"odds","status":"start","message":"Starting high-priority leagues odds update (30min interval)","priority":"high","leagues":["NBA","MLB","KBO","NFL","프리미어리그"]}
{"timestamp":"2025-08-27T14:00:00.229Z","type":"epl","status":"start","message":"EPL 프리미어리그 데이터 강제 업데이트"}
{"timestamp":"2025-08-27T14:00:02.110Z","type":"epl","status":"success","message":"EPL 프리미어리그 데이터 업데이트 완료"}
{"timestamp":"2025-08-27T14:00:02.932Z","type":"odds","status":"success","message":"High-priority odds update completed (30min interval)","priority":"medium","leagues":["NBA","MLB","KBO","NFL","프리미어리그"],"dynamicPriority":"low","oddsUpdated":31,"oddsDetail":{"totalUpdated":31,"newOdds":0,"existingOddsUpdated":31,"skippedOdds":1,"apiCalls":5,"categoriesProcessed":5}}
{"timestamp":"2025-08-27T14:00:06.559Z","type":"bets","status":"start","message":"Starting bet results update after game results"}
{"timestamp":"2025-08-27T14:00:06.585Z","type":"results","status":"success","message":"Game results and bet results update completed","gameResultsUpdated":0,"gameResultsDetail":{"totalUpdated":0,"newGames":0,"existingGamesUpdated":0,"skippedGames":0,"categoriesProcessed":14},"betResultsUpdated":0,"categoryCount":14}
{"timestamp":"2025-08-27T14:10:00.430Z","type":"results","status":"start","message":"Starting cost-efficient game results update","categoryCount":14}
{"timestamp":"2025-08-27T14:10:05.991Z","type":"bets","status":"start","message":"Starting bet results update after game results"}
{"timestamp":"2025-08-27T14:10:06.015Z","type":"results","status":"success","message":"Game results and bet results update completed","gameResultsUpdated":0,"gameResultsDetail":{"totalUpdated":0,"newGames":0,"existingGamesUpdated":0,"skippedGames":0,"categoriesProcessed":14},"betResultsUpdated":0,"categoryCount":14}
{"timestamp":"2025-08-27T14:20:00.623Z","type":"results","status":"start","message":"Starting cost-efficient game results update","categoryCount":14}
{"timestamp":"2025-08-27T14:20:05.426Z","type":"bets","status":"start","message":"Starting bet results update after game results"}
{"timestamp":"2025-08-27T14:20:05.456Z","type":"results","status":"success","message":"Game results and bet results update completed","gameResultsUpdated":0,"gameResultsDetail":{"totalUpdated":0,"newGames":0,"existingGamesUpdated":0,"skippedGames":0,"categoriesProcessed":14},"betResultsUpdated":0,"categoryCount":14}
{"timestamp":"2025-08-27T14:30:00.842Z","type":"results","status":"start","message":"Starting cost-efficient game results update","categoryCount":14}
{"timestamp":"2025-08-27T14:30:00.847Z","type":"odds","status":"start","message":"Starting high-priority leagues odds update (30min interval)","priority":"high","leagues":["NBA","MLB","KBO","NFL","프리미어리그"]}
{"timestamp":"2025-08-27T14:30:00.852Z","type":"epl","status":"start","message":"EPL 프리미어리그 데이터 강제 업데이트"}
{"timestamp":"2025-08-27T14:30:02.978Z","type":"epl","status":"success","message":"EPL 프리미어리그 데이터 업데이트 완료"}
{"timestamp":"2025-08-27T14:30:03.791Z","type":"odds","status":"success","message":"High-priority odds update completed (30min interval)","priority":"medium","leagues":["NBA","MLB","KBO","NFL","프리미어리그"],"dynamicPriority":"low","oddsUpdated":31,"oddsDetail":{"totalUpdated":31,"newOdds":0,"existingOddsUpdated":31,"skippedOdds":5,"apiCalls":5,"categoriesProcessed":5}}
{"timestamp":"2025-08-27T14:30:06.020Z","type":"bets","status":"start","message":"Starting bet results update after game results"}
{"timestamp":"2025-08-27T14:30:06.041Z","type":"results","status":"success","message":"Game results and bet results update completed","gameResultsUpdated":0,"gameResultsDetail":{"totalUpdated":0,"newGames":0,"existingGamesUpdated":0,"skippedGames":0,"categoriesProcessed":14},"betResultsUpdated":0,"categoryCount":14}
{"timestamp":"2025-08-27T14:40:00.034Z","type":"results","status":"start","message":"Starting cost-efficient game results update","categoryCount":14}
{"timestamp":"2025-08-27T14:40:07.379Z","type":"bets","status":"start","message":"Starting bet results update after game results"}
{"timestamp":"2025-08-27T14:40:07.405Z","type":"results","status":"success","message":"Game results and bet results update completed","gameResultsUpdated":0,"gameResultsDetail":{"totalUpdated":0,"newGames":0,"existingGamesUpdated":0,"skippedGames":0,"categoriesProcessed":14},"betResultsUpdated":0,"categoryCount":14}
{"timestamp":"2025-08-27T14:41:36.718Z","type":"monitor","status":"info","message":"Scheduler status check","isUpdatingResults":false,"isUpdatingOdds":false,"lastUpdateTime":"2025-08-27T14:40:07.405Z","activeCategories":["NBA","MLB","KBO","NFL","프리미어리그","MLS","KLEAGUE","JLEAGUE","SERIEA","BRASILEIRAO","ARGENTINA_PRIMERA","CSL","LALIGA","BUNDESLIGA"],"uptime":14400.918517792,"apiCallEstimate":"~28 calls per hour","memory":{"used":"79MB","total":"92MB"}}
{"timestamp":"2025-08-27T14:50:00.155Z","type":"results","status":"start","message":"Starting cost-efficient game results update","categoryCount":14}
{"timestamp":"2025-08-27T14:50:05.898Z","type":"bets","status":"start","message":"Starting bet results update after game results"}
{"timestamp":"2025-08-27T14:50:05.920Z","type":"results","status":"success","message":"Game results and bet results update completed","gameResultsUpdated":0,"gameResultsDetail":{"totalUpdated":0,"newGames":0,"existingGamesUpdated":0,"skippedGames":0,"categoriesProcessed":14},"betResultsUpdated":0,"categoryCount":14}
{"timestamp":"2025-08-27T15:00:00.375Z","type":"results","status":"start","message":"Starting cost-efficient game results update","categoryCount":14}
{"timestamp":"2025-08-27T15:00:00.378Z","type":"odds","status":"start","message":"Starting high-priority leagues odds update (30min interval)","priority":"high","leagues":["NBA","MLB","KBO","NFL","프리미어리그"]}
{"timestamp":"2025-08-27T15:00:00.379Z","type":"odds","status":"start","message":"Starting medium-priority leagues odds update (2hour interval)","priority":"medium","leagues":["MLS","KLEAGUE","JLEAGUE","SERIEA"]}
{"timestamp":"2025-08-27T15:00:00.382Z","type":"epl","status":"start","message":"EPL 프리미어리그 데이터 강제 업데이트"}
{"timestamp":"2025-08-27T15:00:01.724Z","type":"epl","status":"success","message":"EPL 프리미어리그 데이터 업데이트 완료"}
{"timestamp":"2025-08-27T15:00:03.608Z","type":"odds","status":"success","message":"Medium-priority odds update completed (2hour interval)","priority":"medium","leagues":["MLS","KLEAGUE","JLEAGUE","SERIEA"],"dynamicPriority":"low","oddsUpdated":42,"oddsDetail":{"totalUpdated":42,"newOdds":0,"existingOddsUpdated":42,"skippedOdds":0,"apiCalls":4,"categoriesProcessed":4}}
{"timestamp":"2025-08-27T15:00:04.735Z","type":"odds","status":"success","message":"High-priority odds update completed (30min interval)","priority":"medium","leagues":["NBA","MLB","KBO","NFL","프리미어리그"],"dynamicPriority":"low","oddsUpdated":31,"oddsDetail":{"totalUpdated":31,"newOdds":0,"existingOddsUpdated":31,"skippedOdds":6,"apiCalls":5,"categoriesProcessed":5}}
{"timestamp":"2025-08-27T15:00:06.513Z","type":"bets","status":"start","message":"Starting bet results update after game results"}
{"timestamp":"2025-08-27T15:00:06.530Z","type":"results","status":"success","message":"Game results and bet results update completed","gameResultsUpdated":0,"gameResultsDetail":{"totalUpdated":0,"newGames":0,"existingGamesUpdated":0,"skippedGames":0,"categoriesProcessed":14},"betResultsUpdated":0,"categoryCount":14}
{"timestamp":"2025-08-27T15:10:00.558Z","type":"results","status":"start","message":"Starting cost-efficient game results update","categoryCount":14}
{"timestamp":"2025-08-27T15:10:06.116Z","type":"bets","status":"start","message":"Starting bet results update after game results"}
{"timestamp":"2025-08-27T15:10:06.140Z","type":"results","status":"success","message":"Game results and bet results update completed","gameResultsUpdated":0,"gameResultsDetail":{"totalUpdated":0,"newGames":0,"existingGamesUpdated":0,"skippedGames":0,"categoriesProcessed":14},"betResultsUpdated":0,"categoryCount":14}
{"timestamp":"2025-08-27T15:20:00.767Z","type":"results","status":"start","message":"Starting cost-efficient game results update","categoryCount":14}
{"timestamp":"2025-08-27T15:20:06.626Z","type":"bets","status":"start","message":"Starting bet results update after game results"}
{"timestamp":"2025-08-27T15:20:06.651Z","type":"results","status":"success","message":"Game results and bet results update completed","gameResultsUpdated":0,"gameResultsDetail":{"totalUpdated":0,"newGames":0,"existingGamesUpdated":0,"skippedGames":0,"categoriesProcessed":14},"betResultsUpdated":0,"categoryCount":14}
{"timestamp":"2025-08-27T15:30:00.986Z","type":"results","status":"start","message":"Starting cost-efficient game results update","categoryCount":14}
{"timestamp":"2025-08-27T15:30:00.989Z","type":"odds","status":"start","message":"Starting high-priority leagues odds update (30min interval)","priority":"high","leagues":["NBA","MLB","KBO","NFL","프리미어리그"]}
{"timestamp":"2025-08-27T15:30:00.992Z","type":"epl","status":"start","message":"EPL 프리미어리그 데이터 강제 업데이트"}
{"timestamp":"2025-08-27T15:30:03.732Z","type":"epl","status":"success","message":"EPL 프리미어리그 데이터 업데이트 완료"}
{"timestamp":"2025-08-27T15:30:04.921Z","type":"odds","status":"success","message":"High-priority odds update completed (30min interval)","priority":"medium","leagues":["NBA","MLB","KBO","NFL","프리미어리그"],"dynamicPriority":"low","oddsUpdated":31,"oddsDetail":{"totalUpdated":31,"newOdds":0,"existingOddsUpdated":31,"skippedOdds":6,"apiCalls":5,"categoriesProcessed":5}}
{"timestamp":"2025-08-27T15:30:07.034Z","type":"bets","status":"start","message":"Starting bet results update after game results"}
{"timestamp":"2025-08-27T15:30:07.049Z","type":"results","status":"success","message":"Game results and bet results update completed","gameResultsUpdated":0,"gameResultsDetail":{"totalUpdated":0,"newGames":0,"existingGamesUpdated":0,"skippedGames":0,"categoriesProcessed":14},"betResultsUpdated":0,"categoryCount":14}
{"timestamp":"2025-08-27T15:40:00.140Z","type":"results","status":"start","message":"Starting cost-efficient game results update","categoryCount":14}
{"timestamp":"2025-08-27T15:40:05.965Z","type":"bets","status":"start","message":"Starting bet results update after game results"}
{"timestamp":"2025-08-27T15:40:05.991Z","type":"results","status":"success","message":"Game results and bet results update completed","gameResultsUpdated":0,"gameResultsDetail":{"totalUpdated":0,"newGames":0,"existingGamesUpdated":0,"skippedGames":0,"categoriesProcessed":14},"betResultsUpdated":0,"categoryCount":14}
{"timestamp":"2025-08-27T15:41:36.652Z","type":"monitor","status":"info","message":"Scheduler status check","isUpdatingResults":false,"isUpdatingOdds":false,"lastUpdateTime":"2025-08-27T15:40:05.991Z","activeCategories":["NBA","MLB","KBO","NFL","프리미어리그","MLS","KLEAGUE","JLEAGUE","SERIEA","BRASILEIRAO","ARGENTINA_PRIMERA","CSL","LALIGA","BUNDESLIGA"],"uptime":18000.920701625,"apiCallEstimate":"~28 calls per hour","memory":{"used":"83MB","total":"91MB"}}
{"timestamp":"2025-08-27T15:50:00.321Z","type":"results","status":"start","message":"Starting cost-efficient game results update","categoryCount":14}
{"timestamp":"2025-08-27T15:50:05.982Z","type":"bets","status":"start","message":"Starting bet results update after game results"}
{"timestamp":"2025-08-27T15:50:06.004Z","type":"results","status":"success","message":"Game results and bet results update completed","gameResultsUpdated":0,"gameResultsDetail":{"totalUpdated":0,"newGames":0,"existingGamesUpdated":0,"skippedGames":0,"categoriesProcessed":14},"betResultsUpdated":0,"categoryCount":14}
{"timestamp":"2025-08-27T16:00:00.500Z","type":"results","status":"start","message":"Starting cost-efficient game results update","categoryCount":14}
{"timestamp":"2025-08-27T16:00:00.503Z","type":"odds","status":"start","message":"Starting high-priority leagues odds update (30min interval)","priority":"high","leagues":["NBA","MLB","KBO","NFL","프리미어리그"]}
{"timestamp":"2025-08-27T16:00:00.506Z","type":"epl","status":"start","message":"EPL 프리미어리그 데이터 강제 업데이트"}
{"timestamp":"2025-08-27T16:00:02.461Z","type":"epl","status":"success","message":"EPL 프리미어리그 데이터 업데이트 완료"}
{"timestamp":"2025-08-27T16:00:05.321Z","type":"odds","status":"success","message":"High-priority odds update completed (30min interval)","priority":"medium","leagues":["NBA","MLB","KBO","NFL","프리미어리그"],"dynamicPriority":"low","oddsUpdated":31,"oddsDetail":{"totalUpdated":31,"newOdds":0,"existingOddsUpdated":31,"skippedOdds":6,"apiCalls":5,"categoriesProcessed":5}}
{"timestamp":"2025-08-27T16:00:05.324Z","type":"bets","status":"start","message":"Starting bet results update after game results"}
{"timestamp":"2025-08-27T16:00:05.344Z","type":"results","status":"success","message":"Game results and bet results update completed","gameResultsUpdated":0,"gameResultsDetail":{"totalUpdated":0,"newGames":0,"existingGamesUpdated":0,"skippedGames":0,"categoriesProcessed":14},"betResultsUpdated":0,"categoryCount":14}
{"timestamp":"2025-08-27T16:10:00.671Z","type":"results","status":"start","message":"Starting cost-efficient game results update","categoryCount":14}
{"timestamp":"2025-08-27T16:10:05.905Z","type":"bets","status":"start","message":"Starting bet results update after game results"}
{"timestamp":"2025-08-27T16:10:05.927Z","type":"results","status":"success","message":"Game results and bet results update completed","gameResultsUpdated":0,"gameResultsDetail":{"totalUpdated":0,"newGames":0,"existingGamesUpdated":0,"skippedGames":0,"categoriesProcessed":14},"betResultsUpdated":0,"categoryCount":14}
{"timestamp":"2025-08-27T16:20:00.914Z","type":"results","status":"start","message":"Starting cost-efficient game results update","categoryCount":14}
{"timestamp":"2025-08-27T16:20:06.323Z","type":"bets","status":"start","message":"Starting bet results update after game results"}
{"timestamp":"2025-08-27T16:20:06.344Z","type":"results","status":"success","message":"Game results and bet results update completed","gameResultsUpdated":0,"gameResultsDetail":{"totalUpdated":0,"newGames":0,"existingGamesUpdated":0,"skippedGames":0,"categoriesProcessed":14},"betResultsUpdated":0,"categoryCount":14}
{"timestamp":"2025-08-27T16:30:00.076Z","type":"results","status":"start","message":"Starting cost-efficient game results update","categoryCount":14}
{"timestamp":"2025-08-27T16:30:00.081Z","type":"odds","status":"start","message":"Starting high-priority leagues odds update (30min interval)","priority":"high","leagues":["NBA","MLB","KBO","NFL","프리미어리그"]}
{"timestamp":"2025-08-27T16:30:00.085Z","type":"epl","status":"start","message":"EPL 프리미어리그 데이터 강제 업데이트"}
{"timestamp":"2025-08-27T16:30:01.679Z","type":"epl","status":"success","message":"EPL 프리미어리그 데이터 업데이트 완료"}
{"timestamp":"2025-08-27T16:30:02.726Z","type":"odds","status":"success","message":"High-priority odds update completed (30min interval)","priority":"medium","leagues":["NBA","MLB","KBO","NFL","프리미어리그"],"dynamicPriority":"low","oddsUpdated":31,"oddsDetail":{"totalUpdated":31,"newOdds":0,"existingOddsUpdated":31,"skippedOdds":6,"apiCalls":5,"categoriesProcessed":5}}
{"timestamp":"2025-08-27T16:30:04.963Z","type":"bets","status":"start","message":"Starting bet results update after game results"}
{"timestamp":"2025-08-27T16:30:04.989Z","type":"results","status":"success","message":"Game results and bet results update completed","gameResultsUpdated":0,"gameResultsDetail":{"totalUpdated":0,"newGames":0,"existingGamesUpdated":0,"skippedGames":0,"categoriesProcessed":14},"betResultsUpdated":0,"categoryCount":14}
{"timestamp":"2025-08-27T16:40:00.253Z","type":"results","status":"start","message":"Starting cost-efficient game results update","categoryCount":14}
{"timestamp":"2025-08-27T16:40:05.935Z","type":"bets","status":"start","message":"Starting bet results update after game results"}
{"timestamp":"2025-08-27T16:40:05.960Z","type":"results","status":"success","message":"Game results and bet results update completed","gameResultsUpdated":0,"gameResultsDetail":{"totalUpdated":0,"newGames":0,"existingGamesUpdated":0,"skippedGames":0,"categoriesProcessed":14},"betResultsUpdated":0,"categoryCount":14}
{"timestamp":"2025-08-27T16:41:36.604Z","type":"monitor","status":"info","message":"Scheduler status check","isUpdatingResults":false,"isUpdatingOdds":false,"lastUpdateTime":"2025-08-27T16:40:05.960Z","activeCategories":["NBA","MLB","KBO","NFL","프리미어리그","MLS","KLEAGUE","JLEAGUE","SERIEA","BRASILEIRAO","ARGENTINA_PRIMERA","CSL","LALIGA","BUNDESLIGA"],"uptime":21600.920645459,"apiCallEstimate":"~28 calls per hour","memory":{"used":"80MB","total":"94MB"}}
{"timestamp":"2025-08-27T16:50:00.462Z","type":"results","status":"start","message":"Starting cost-efficient game results update","categoryCount":14}
{"timestamp":"2025-08-27T16:50:08.270Z","type":"bets","status":"start","message":"Starting bet results update after game results"}
{"timestamp":"2025-08-27T16:50:08.290Z","type":"results","status":"success","message":"Game results and bet results update completed","gameResultsUpdated":0,"gameResultsDetail":{"totalUpdated":0,"newGames":0,"existingGamesUpdated":0,"skippedGames":0,"categoriesProcessed":14},"betResultsUpdated":0,"categoryCount":14}
{"timestamp":"2025-08-27T17:00:00.647Z","type":"results","status":"start","message":"Starting cost-efficient game results update","categoryCount":14}
{"timestamp":"2025-08-27T17:00:00.651Z","type":"odds","status":"start","message":"Starting high-priority leagues odds update (30min interval)","priority":"high","leagues":["NBA","MLB","KBO","NFL","프리미어리그"]}
{"timestamp":"2025-08-27T17:00:00.653Z","type":"odds","status":"start","message":"Starting medium-priority leagues odds update (2hour interval)","priority":"medium","leagues":["MLS","KLEAGUE","JLEAGUE","SERIEA"]}
{"timestamp":"2025-08-27T17:00:00.657Z","type":"epl","status":"start","message":"EPL 프리미어리그 데이터 강제 업데이트"}
{"timestamp":"2025-08-27T17:00:02.931Z","type":"odds","status":"success","message":"Medium-priority odds update completed (2hour interval)","priority":"medium","leagues":["MLS","KLEAGUE","JLEAGUE","SERIEA"],"dynamicPriority":"low","oddsUpdated":42,"oddsDetail":{"totalUpdated":42,"newOdds":0,"existingOddsUpdated":42,"skippedOdds":0,"apiCalls":4,"categoriesProcessed":4}}
{"timestamp":"2025-08-27T17:00:03.324Z","type":"epl","status":"success","message":"EPL 프리미어리그 데이터 업데이트 완료"}
{"timestamp":"2025-08-27T17:00:03.894Z","type":"odds","status":"success","message":"High-priority odds update completed (30min interval)","priority":"medium","leagues":["NBA","MLB","KBO","NFL","프리미어리그"],"dynamicPriority":"low","oddsUpdated":36,"oddsDetail":{"totalUpdated":36,"newOdds":5,"existingOddsUpdated":31,"skippedOdds":1,"apiCalls":5,"categoriesProcessed":5}}
{"timestamp":"2025-08-27T17:00:05.349Z","type":"bets","status":"start","message":"Starting bet results update after game results"}
{"timestamp":"2025-08-27T17:00:05.364Z","type":"results","status":"success","message":"Game results and bet results update completed","gameResultsUpdated":0,"gameResultsDetail":{"totalUpdated":0,"newGames":0,"existingGamesUpdated":0,"skippedGames":0,"categoriesProcessed":14},"betResultsUpdated":0,"categoryCount":14}
{"timestamp":"2025-08-27T17:10:00.832Z","type":"results","status":"start","message":"Starting cost-efficient game results update","categoryCount":14}
{"timestamp":"2025-08-27T17:10:06.020Z","type":"bets","status":"start","message":"Starting bet results update after game results"}
{"timestamp":"2025-08-27T17:10:06.045Z","type":"results","status":"success","message":"Game results and bet results update completed","gameResultsUpdated":0,"gameResultsDetail":{"totalUpdated":0,"newGames":0,"existingGamesUpdated":0,"skippedGames":0,"categoriesProcessed":14},"betResultsUpdated":0,"categoryCount":14}
{"timestamp":"2025-08-27T17:20:00.097Z","type":"results","status":"start","message":"Starting cost-efficient game results update","categoryCount":14}
{"timestamp":"2025-08-27T17:20:05.884Z","type":"bets","status":"start","message":"Starting bet results update after game results"}
{"timestamp":"2025-08-27T17:20:05.898Z","type":"results","status":"success","message":"Game results and bet results update completed","gameResultsUpdated":0,"gameResultsDetail":{"totalUpdated":0,"newGames":0,"existingGamesUpdated":0,"skippedGames":0,"categoriesProcessed":14},"betResultsUpdated":0,"categoryCount":14}
{"timestamp":"2025-08-27T17:30:00.298Z","type":"results","status":"start","message":"Starting cost-efficient game results update","categoryCount":14}
{"timestamp":"2025-08-27T17:30:00.301Z","type":"odds","status":"start","message":"Starting high-priority leagues odds update (30min interval)","priority":"high","leagues":["NBA","MLB","KBO","NFL","프리미어리그"]}
{"timestamp":"2025-08-27T17:30:00.305Z","type":"epl","status":"start","message":"EPL 프리미어리그 데이터 강제 업데이트"}
{"timestamp":"2025-08-27T17:30:02.831Z","type":"epl","status":"success","message":"EPL 프리미어리그 데이터 업데이트 완료"}
{"timestamp":"2025-08-27T17:30:03.879Z","type":"odds","status":"success","message":"High-priority odds update completed (30min interval)","priority":"medium","leagues":["NBA","MLB","KBO","NFL","프리미어리그"],"dynamicPriority":"low","oddsUpdated":41,"oddsDetail":{"totalUpdated":41,"newOdds":5,"existingOddsUpdated":36,"skippedOdds":1,"apiCalls":5,"categoriesProcessed":5}}
{"timestamp":"2025-08-27T17:30:06.279Z","type":"bets","status":"start","message":"Starting bet results update after game results"}
{"timestamp":"2025-08-27T17:30:06.303Z","type":"results","status":"success","message":"Game results and bet results update completed","gameResultsUpdated":0,"gameResultsDetail":{"totalUpdated":0,"newGames":0,"existingGamesUpdated":0,"skippedGames":0,"categoriesProcessed":14},"betResultsUpdated":0,"categoryCount":14}
{"timestamp":"2025-08-27T17:40:00.498Z","type":"results","status":"start","message":"Starting cost-efficient game results update","categoryCount":14}
{"timestamp":"2025-08-27T17:40:06.245Z","type":"bets","status":"start","message":"Starting bet results update after game results"}
{"timestamp":"2025-08-27T17:40:06.261Z","type":"results","status":"success","message":"Game results and bet results update completed","gameResultsUpdated":0,"gameResultsDetail":{"totalUpdated":0,"newGames":0,"existingGamesUpdated":0,"skippedGames":0,"categoriesProcessed":14},"betResultsUpdated":0,"categoryCount":14}
{"timestamp":"2025-08-27T17:41:36.701Z","type":"monitor","status":"info","message":"Scheduler status check","isUpdatingResults":false,"isUpdatingOdds":false,"lastUpdateTime":"2025-08-27T17:40:06.261Z","activeCategories":["NBA","MLB","KBO","NFL","프리미어리그","MLS","KLEAGUE","JLEAGUE","SERIEA","BRASILEIRAO","ARGENTINA_PRIMERA","CSL","LALIGA","BUNDESLIGA"],"uptime":25200.92194725,"apiCallEstimate":"~28 calls per hour","memory":{"used":"80MB","total":"93MB"}}
{"timestamp":"2025-08-27T17:50:00.708Z","type":"results","status":"start","message":"Starting cost-efficient game results update","categoryCount":14}
{"timestamp":"2025-08-27T17:50:06.901Z","type":"bets","status":"start","message":"Starting bet results update after game results"}
{"timestamp":"2025-08-27T17:50:06.921Z","type":"results","status":"success","message":"Game results and bet results update completed","gameResultsUpdated":0,"gameResultsDetail":{"totalUpdated":0,"newGames":0,"existingGamesUpdated":0,"skippedGames":0,"categoriesProcessed":14},"betResultsUpdated":0,"categoryCount":14}
{"timestamp":"2025-08-27T18:00:00.903Z","type":"results","status":"start","message":"Starting cost-efficient game results update","categoryCount":14}
{"timestamp":"2025-08-27T18:00:00.907Z","type":"odds","status":"start","message":"Starting high-priority leagues odds update (30min interval)","priority":"high","leagues":["NBA","MLB","KBO","NFL","프리미어리그"]}
{"timestamp":"2025-08-27T18:00:00.909Z","type":"security_audit","status":"start","message":"Starting daily PaymentHistory security audit"}
{"timestamp":"2025-08-27T18:00:00.913Z","type":"epl","status":"start","message":"EPL 프리미어리그 데이터 강제 업데이트"}
{"timestamp":"2025-08-27T18:00:00.921Z","type":"security_audit","status":"warning","message":"Suspicious payment patterns detected","suspiciousUsers":3,"details":[{"userId":"ba51f190-e245-420a-8a00-c466e60a99a0","paymentCount":"28","totalAmount":"1208470.00"},{"userId":"14ffe740-4cfd-4611-99a4-b66b3d7bc6be","paymentCount":"303","totalAmount":"46683132.32"},{"userId":"6b6d5a9e-74a6-49d8-972e-9bc0ddc7f364","paymentCount":"17","totalAmount":"157391.00"}]}
{"timestamp":"2025-08-27T18:00:03.921Z","type":"epl","status":"success","message":"EPL 프리미어리그 데이터 업데이트 완료"}
{"timestamp":"2025-08-27T18:00:05.109Z","type":"odds","status":"success","message":"High-priority odds update completed (30min interval)","priority":"medium","leagues":["NBA","MLB","KBO","NFL","프리미어리그"],"dynamicPriority":"low","oddsUpdated":41,"oddsDetail":{"totalUpdated":41,"newOdds":0,"existingOddsUpdated":41,"skippedOdds":1,"apiCalls":5,"categoriesProcessed":5}}
{"timestamp":"2025-08-27T18:00:07.521Z","type":"bets","status":"start","message":"Starting bet results update after game results"}
{"timestamp":"2025-08-27T18:00:07.539Z","type":"results","status":"success","message":"Game results and bet results update completed","gameResultsUpdated":0,"gameResultsDetail":{"totalUpdated":0,"newGames":0,"existingGamesUpdated":0,"skippedGames":0,"categoriesProcessed":14},"betResultsUpdated":0,"categoryCount":14}
{"timestamp":"2025-08-27T18:10:00.132Z","type":"results","status":"start","message":"Starting cost-efficient game results update","categoryCount":14}
{"timestamp":"2025-08-27T18:10:05.047Z","type":"bets","status":"start","message":"Starting bet results update after game results"}
{"timestamp":"2025-08-27T18:10:05.073Z","type":"results","status":"success","message":"Game results and bet results update completed","gameResultsUpdated":0,"gameResultsDetail":{"totalUpdated":0,"newGames":0,"existingGamesUpdated":0,"skippedGames":0,"categoriesProcessed":14},"betResultsUpdated":0,"categoryCount":14}
{"timestamp":"2025-08-27T18:20:00.375Z","type":"results","status":"start","message":"Starting cost-efficient game results update","categoryCount":14}
{"timestamp":"2025-08-27T18:20:06.630Z","type":"bets","status":"start","message":"Starting bet results update after game results"}
{"timestamp":"2025-08-27T18:20:06.655Z","type":"results","status":"success","message":"Game results and bet results update completed","gameResultsUpdated":0,"gameResultsDetail":{"totalUpdated":0,"newGames":0,"existingGamesUpdated":0,"skippedGames":0,"categoriesProcessed":14},"betResultsUpdated":0,"categoryCount":14}
{"timestamp":"2025-08-27T18:30:00.624Z","type":"results","status":"start","message":"Starting cost-efficient game results update","categoryCount":14}
{"timestamp":"2025-08-27T18:30:00.628Z","type":"odds","status":"start","message":"Starting high-priority leagues odds update (30min interval)","priority":"high","leagues":["NBA","MLB","KBO","NFL","프리미어리그"]}
{"timestamp":"2025-08-27T18:30:00.631Z","type":"epl","status":"start","message":"EPL 프리미어리그 데이터 강제 업데이트"}
{"timestamp":"2025-08-27T18:30:02.617Z","type":"epl","status":"success","message":"EPL 프리미어리그 데이터 업데이트 완료"}
{"timestamp":"2025-08-27T18:30:04.029Z","type":"odds","status":"success","message":"High-priority odds update completed (30min interval)","priority":"medium","leagues":["NBA","MLB","KBO","NFL","프리미어리그"],"dynamicPriority":"low","oddsUpdated":41,"oddsDetail":{"totalUpdated":41,"newOdds":0,"existingOddsUpdated":41,"skippedOdds":1,"apiCalls":5,"categoriesProcessed":5}}
{"timestamp":"2025-08-27T18:30:05.051Z","type":"bets","status":"start","message":"Starting bet results update after game results"}
{"timestamp":"2025-08-27T18:30:05.072Z","type":"results","status":"success","message":"Game results and bet results update completed","gameResultsUpdated":0,"gameResultsDetail":{"totalUpdated":0,"newGames":0,"existingGamesUpdated":0,"skippedGames":0,"categoriesProcessed":14},"betResultsUpdated":0,"categoryCount":14}
{"timestamp":"2025-08-27T18:40:00.790Z","type":"results","status":"start","message":"Starting cost-efficient game results update","categoryCount":14}
{"timestamp":"2025-08-27T18:40:06.987Z","type":"bets","status":"start","message":"Starting bet results update after game results"}
{"timestamp":"2025-08-27T18:40:07.007Z","type":"results","status":"success","message":"Game results and bet results update completed","gameResultsUpdated":0,"gameResultsDetail":{"totalUpdated":0,"newGames":0,"existingGamesUpdated":0,"skippedGames":0,"categoriesProcessed":14},"betResultsUpdated":0,"categoryCount":14}
{"timestamp":"2025-08-27T18:41:36.714Z","type":"monitor","status":"info","message":"Scheduler status check","isUpdatingResults":false,"isUpdatingOdds":false,"lastUpdateTime":"2025-08-27T18:40:07.007Z","activeCategories":["NBA","MLB","KBO","NFL","프리미어리그","MLS","KLEAGUE","JLEAGUE","SERIEA","BRASILEIRAO","ARGENTINA_PRIMERA","CSL","LALIGA","BUNDESLIGA"],"uptime":28800.9210375,"apiCallEstimate":"~28 calls per hour","memory":{"used":"83MB","total":"95MB"}}
{"timestamp":"2025-08-27T19:00:00.191Z","type":"results","status":"start","message":"Starting cost-efficient game results update","categoryCount":14}
{"timestamp":"2025-08-27T19:00:00.194Z","type":"odds","status":"start","message":"Starting high-priority leagues odds update (30min interval)","priority":"high","leagues":["NBA","MLB","KBO","NFL","프리미어리그"]}
{"timestamp":"2025-08-27T19:00:00.196Z","type":"odds","status":"start","message":"Starting medium-priority leagues odds update (2hour interval)","priority":"medium","leagues":["MLS","KLEAGUE","JLEAGUE","SERIEA"]}
{"timestamp":"2025-08-27T19:00:00.199Z","type":"epl","status":"start","message":"EPL 프리미어리그 데이터 강제 업데이트"}
{"timestamp":"2025-08-27T19:00:00.200Z","type":"cleanup","status":"start","message":"Starting OddsHistory cleanup (3+ days old data)"}
{"timestamp":"2025-08-27T19:00:00.456Z","type":"cleanup","status":"success","message":"OddsHistory cleanup completed","deletedCount":49296,"cutoffDate":"2025-08-24T19:00:00.201Z"}
{"timestamp":"2025-08-27T19:00:02.299Z","type":"odds","status":"success","message":"Medium-priority odds update completed (2hour interval)","priority":"medium","leagues":["MLS","KLEAGUE","JLEAGUE","SERIEA"],"dynamicPriority":"low","oddsUpdated":42,"oddsDetail":{"totalUpdated":42,"newOdds":0,"existingOddsUpdated":42,"skippedOdds":0,"apiCalls":4,"categoriesProcessed":4}}
{"timestamp":"2025-08-27T19:00:02.340Z","type":"epl","status":"success","message":"EPL 프리미어리그 데이터 업데이트 완료"}
{"timestamp":"2025-08-27T19:00:03.189Z","type":"odds","status":"success","message":"High-priority odds update completed (30min interval)","priority":"medium","leagues":["NBA","MLB","KBO","NFL","프리미어리그"],"dynamicPriority":"low","oddsUpdated":41,"oddsDetail":{"totalUpdated":41,"newOdds":0,"existingOddsUpdated":41,"skippedOdds":1,"apiCalls":5,"categoriesProcessed":5}}
{"timestamp":"2025-08-27T19:00:05.392Z","type":"bets","status":"start","message":"Starting bet results update after game results"}
{"timestamp":"2025-08-27T19:00:05.415Z","type":"results","status":"success","message":"Game results and bet results update completed","gameResultsUpdated":0,"gameResultsDetail":{"totalUpdated":0,"newGames":0,"existingGamesUpdated":0,"skippedGames":0,"categoriesProcessed":14},"betResultsUpdated":0,"categoryCount":14}
{"timestamp":"2025-08-27T19:10:00.364Z","type":"results","status":"start","message":"Starting cost-efficient game results update","categoryCount":14}
{"timestamp":"2025-08-27T19:10:05.265Z","type":"bets","status":"start","message":"Starting bet results update after game results"}
{"timestamp":"2025-08-27T19:10:05.283Z","type":"results","status":"success","message":"Game results and bet results update completed","gameResultsUpdated":0,"gameResultsDetail":{"totalUpdated":0,"newGames":0,"existingGamesUpdated":0,"skippedGames":0,"categoriesProcessed":14},"betResultsUpdated":0,"categoryCount":14}
{"timestamp":"2025-08-27T19:20:00.478Z","type":"results","status":"start","message":"Starting cost-efficient game results update","categoryCount":14}
{"timestamp":"2025-08-27T19:20:05.572Z","type":"bets","status":"start","message":"Starting bet results update after game results"}
{"timestamp":"2025-08-27T19:20:05.593Z","type":"results","status":"success","message":"Game results and bet results update completed","gameResultsUpdated":0,"gameResultsDetail":{"totalUpdated":0,"newGames":0,"existingGamesUpdated":0,"skippedGames":0,"categoriesProcessed":14},"betResultsUpdated":0,"categoryCount":14}
{"timestamp":"2025-08-27T19:30:00.705Z","type":"results","status":"start","message":"Starting cost-efficient game results update","categoryCount":14}
{"timestamp":"2025-08-27T19:30:00.708Z","type":"odds","status":"start","message":"Starting high-priority leagues odds update (30min interval)","priority":"high","leagues":["NBA","MLB","KBO","NFL","프리미어리그"]}
{"timestamp":"2025-08-27T19:30:00.711Z","type":"epl","status":"start","message":"EPL 프리미어리그 데이터 강제 업데이트"}
{"timestamp":"2025-08-27T19:30:02.648Z","type":"epl","status":"success","message":"EPL 프리미어리그 데이터 업데이트 완료"}
{"timestamp":"2025-08-27T19:30:04.604Z","type":"odds","status":"success","message":"High-priority odds update completed (30min interval)","priority":"medium","leagues":["NBA","MLB","KBO","NFL","프리미어리그"],"dynamicPriority":"low","oddsUpdated":42,"oddsDetail":{"totalUpdated":42,"newOdds":1,"existingOddsUpdated":41,"skippedOdds":1,"apiCalls":5,"categoriesProcessed":5}}
{"timestamp":"2025-08-27T19:30:05.210Z","type":"bets","status":"start","message":"Starting bet results update after game results"}
{"timestamp":"2025-08-27T19:30:05.232Z","type":"results","status":"success","message":"Game results and bet results update completed","gameResultsUpdated":0,"gameResultsDetail":{"totalUpdated":0,"newGames":0,"existingGamesUpdated":0,"skippedGames":0,"categoriesProcessed":14},"betResultsUpdated":0,"categoryCount":14}
{"timestamp":"2025-08-27T19:40:00.898Z","type":"results","status":"start","message":"Starting cost-efficient game results update","categoryCount":14}
{"timestamp":"2025-08-27T19:40:06.429Z","type":"bets","status":"start","message":"Starting bet results update after game results"}
{"timestamp":"2025-08-27T19:40:06.467Z","type":"results","status":"success","message":"Game results and bet results update completed","gameResultsUpdated":0,"gameResultsDetail":{"totalUpdated":0,"newGames":0,"existingGamesUpdated":0,"skippedGames":0,"categoriesProcessed":14},"betResultsUpdated":0,"categoryCount":14}
{"timestamp":"2025-08-27T19:41:36.642Z","type":"monitor","status":"info","message":"Scheduler status check","isUpdatingResults":false,"isUpdatingOdds":false,"lastUpdateTime":"2025-08-27T19:40:06.467Z","activeCategories":["NBA","MLB","KBO","NFL","프리미어리그","MLS","KLEAGUE","JLEAGUE","SERIEA","BRASILEIRAO","ARGENTINA_PRIMERA","CSL","LALIGA","BUNDESLIGA"],"uptime":32400.9234675,"apiCallEstimate":"~28 calls per hour","memory":{"used":"82MB","total":"95MB"}}
{"timestamp":"2025-08-27T19:50:00.080Z","type":"results","status":"start","message":"Starting cost-efficient game results update","categoryCount":14}
{"timestamp":"2025-08-27T19:50:04.956Z","type":"bets","status":"start","message":"Starting bet results update after game results"}
{"timestamp":"2025-08-27T19:50:04.973Z","type":"results","status":"success","message":"Game results and bet results update completed","gameResultsUpdated":0,"gameResultsDetail":{"totalUpdated":0,"newGames":0,"existingGamesUpdated":0,"skippedGames":0,"categoriesProcessed":14},"betResultsUpdated":0,"categoryCount":14}
{"timestamp":"2025-08-27T20:00:00.269Z","type":"results","status":"start","message":"Starting cost-efficient game results update","categoryCount":14}
{"timestamp":"2025-08-27T20:00:00.274Z","type":"odds","status":"start","message":"Starting high-priority leagues odds update (30min interval)","priority":"high","leagues":["NBA","MLB","KBO","NFL","프리미어리그"]}
{"timestamp":"2025-08-27T20:00:00.277Z","type":"epl","status":"start","message":"EPL 프리미어리그 데이터 강제 업데이트"}
{"timestamp":"2025-08-27T20:00:01.034Z","type":"epl","status":"success","message":"EPL 프리미어리그 데이터 업데이트 완료"}
{"timestamp":"2025-08-27T20:00:04.427Z","type":"odds","status":"success","message":"High-priority odds update completed (30min interval)","priority":"medium","leagues":["NBA","MLB","KBO","NFL","프리미어리그"],"dynamicPriority":"low","oddsUpdated":42,"oddsDetail":{"totalUpdated":42,"newOdds":0,"existingOddsUpdated":42,"skippedOdds":1,"apiCalls":5,"categoriesProcessed":5}}
{"timestamp":"2025-08-27T20:00:05.503Z","type":"bets","status":"start","message":"Starting bet results update after game results"}
{"timestamp":"2025-08-27T20:00:05.532Z","type":"results","status":"success","message":"Game results and bet results update completed","gameResultsUpdated":0,"gameResultsDetail":{"totalUpdated":0,"newGames":0,"existingGamesUpdated":0,"skippedGames":0,"categoriesProcessed":14},"betResultsUpdated":0,"categoryCount":14}
{"timestamp":"2025-08-27T20:10:00.464Z","type":"results","status":"start","message":"Starting cost-efficient game results update","categoryCount":14}
{"timestamp":"2025-08-27T20:10:06.630Z","type":"bets","status":"start","message":"Starting bet results update after game results"}
{"timestamp":"2025-08-27T20:10:06.650Z","type":"results","status":"success","message":"Game results and bet results update completed","gameResultsUpdated":0,"gameResultsDetail":{"totalUpdated":0,"newGames":0,"existingGamesUpdated":0,"skippedGames":0,"categoriesProcessed":14},"betResultsUpdated":0,"categoryCount":14}
{"timestamp":"2025-08-27T20:20:00.650Z","type":"results","status":"start","message":"Starting cost-efficient game results update","categoryCount":14}
{"timestamp":"2025-08-27T20:20:05.551Z","type":"bets","status":"start","message":"Starting bet results update after game results"}
{"timestamp":"2025-08-27T20:20:05.567Z","type":"results","status":"success","message":"Game results and bet results update completed","gameResultsUpdated":0,"gameResultsDetail":{"totalUpdated":0,"newGames":0,"existingGamesUpdated":0,"skippedGames":0,"categoriesProcessed":14},"betResultsUpdated":0,"categoryCount":14}
{"timestamp":"2025-08-27T20:30:00.854Z","type":"results","status":"start","message":"Starting cost-efficient game results update","categoryCount":14}
{"timestamp":"2025-08-27T20:30:00.859Z","type":"odds","status":"start","message":"Starting high-priority leagues odds update (30min interval)","priority":"high","leagues":["NBA","MLB","KBO","NFL","프리미어리그"]}
{"timestamp":"2025-08-27T20:30:00.862Z","type":"epl","status":"start","message":"EPL 프리미어리그 데이터 강제 업데이트"}
{"timestamp":"2025-08-27T20:30:03.160Z","type":"epl","status":"success","message":"EPL 프리미어리그 데이터 업데이트 완료"}
{"timestamp":"2025-08-27T20:30:03.914Z","type":"odds","status":"success","message":"High-priority odds update completed (30min interval)","priority":"medium","leagues":["NBA","MLB","KBO","NFL","프리미어리그"],"dynamicPriority":"low","oddsUpdated":39,"oddsDetail":{"totalUpdated":39,"newOdds":0,"existingOddsUpdated":39,"skippedOdds":1,"apiCalls":5,"categoriesProcessed":5}}
{"timestamp":"2025-08-27T20:30:06.021Z","type":"bets","status":"start","message":"Starting bet results update after game results"}
{"timestamp":"2025-08-27T20:30:06.044Z","type":"results","status":"success","message":"Game results and bet results update completed","gameResultsUpdated":0,"gameResultsDetail":{"totalUpdated":0,"newGames":0,"existingGamesUpdated":0,"skippedGames":0,"categoriesProcessed":14},"betResultsUpdated":0,"categoryCount":14}
{"timestamp":"2025-08-27T20:40:00.027Z","type":"results","status":"start","message":"Starting cost-efficient game results update","categoryCount":14}
{"timestamp":"2025-08-27T20:40:04.660Z","type":"bets","status":"start","message":"Starting bet results update after game results"}
{"timestamp":"2025-08-27T20:40:04.685Z","type":"results","status":"success","message":"Game results and bet results update completed","gameResultsUpdated":0,"gameResultsDetail":{"totalUpdated":0,"newGames":0,"existingGamesUpdated":0,"skippedGames":0,"categoriesProcessed":14},"betResultsUpdated":0,"categoryCount":14}
{"timestamp":"2025-08-27T20:41:36.593Z","type":"monitor","status":"info","message":"Scheduler status check","isUpdatingResults":false,"isUpdatingOdds":false,"lastUpdateTime":"2025-08-27T20:40:04.685Z","activeCategories":["NBA","MLB","KBO","NFL","프리미어리그","MLS","KLEAGUE","JLEAGUE","SERIEA","BRASILEIRAO","ARGENTINA_PRIMERA","CSL","LALIGA","BUNDESLIGA"],"uptime":36000.924436709,"apiCallEstimate":"~28 calls per hour","memory":{"used":"80MB","total":"93MB"}}
{"timestamp":"2025-08-27T20:50:00.323Z","type":"results","status":"start","message":"Starting cost-efficient game results update","categoryCount":14}
{"timestamp":"2025-08-27T20:50:05.570Z","type":"bets","status":"start","message":"Starting bet results update after game results"}
{"timestamp":"2025-08-27T20:50:05.594Z","type":"results","status":"success","message":"Game results and bet results update completed","gameResultsUpdated":0,"gameResultsDetail":{"totalUpdated":0,"newGames":0,"existingGamesUpdated":0,"skippedGames":0,"categoriesProcessed":14},"betResultsUpdated":0,"categoryCount":14}
{"timestamp":"2025-08-27T21:00:00.533Z","type":"results","status":"start","message":"Starting cost-efficient game results update","categoryCount":14}
{"timestamp":"2025-08-27T21:00:00.537Z","type":"odds","status":"start","message":"Starting high-priority leagues odds update (30min interval)","priority":"high","leagues":["NBA","MLB","KBO","NFL","프리미어리그"]}
{"timestamp":"2025-08-27T21:00:00.539Z","type":"odds","status":"start","message":"Starting medium-priority leagues odds update (2hour interval)","priority":"medium","leagues":["MLS","KLEAGUE","JLEAGUE","SERIEA"]}
{"timestamp":"2025-08-27T21:00:00.541Z","type":"epl","status":"start","message":"EPL 프리미어리그 데이터 강제 업데이트"}
{"timestamp":"2025-08-27T21:00:01.566Z","type":"epl","status":"success","message":"EPL 프리미어리그 데이터 업데이트 완료"}
{"timestamp":"2025-08-27T21:00:03.359Z","type":"odds","status":"success","message":"Medium-priority odds update completed (2hour interval)","priority":"medium","leagues":["MLS","KLEAGUE","JLEAGUE","SERIEA"],"dynamicPriority":"low","oddsUpdated":42,"oddsDetail":{"totalUpdated":42,"newOdds":0,"existingOddsUpdated":42,"skippedOdds":0,"apiCalls":4,"categoriesProcessed":4}}
{"timestamp":"2025-08-27T21:00:04.903Z","type":"bets","status":"start","message":"Starting bet results update after game results"}
{"timestamp":"2025-08-27T21:00:04.908Z","type":"results","status":"success","message":"Game results and bet results update completed","gameResultsUpdated":0,"gameResultsDetail":{"totalUpdated":0,"newGames":0,"existingGamesUpdated":0,"skippedGames":0,"categoriesProcessed":14},"betResultsUpdated":0,"categoryCount":14}
{"timestamp":"2025-08-27T21:00:05.144Z","type":"odds","status":"success","message":"High-priority odds update completed (30min interval)","priority":"medium","leagues":["NBA","MLB","KBO","NFL","프리미어리그"],"dynamicPriority":"low","oddsUpdated":39,"oddsDetail":{"totalUpdated":39,"newOdds":1,"existingOddsUpdated":38,"skippedOdds":1,"apiCalls":5,"categoriesProcessed":5}}
{"timestamp":"2025-08-27T21:10:00.766Z","type":"results","status":"start","message":"Starting cost-efficient game results update","categoryCount":14}
{"timestamp":"2025-08-27T21:10:05.943Z","type":"bets","status":"start","message":"Starting bet results update after game results"}
{"timestamp":"2025-08-27T21:10:05.970Z","type":"results","status":"success","message":"Game results and bet results update completed","gameResultsUpdated":0,"gameResultsDetail":{"totalUpdated":0,"newGames":0,"existingGamesUpdated":0,"skippedGames":0,"categoriesProcessed":14},"betResultsUpdated":0,"categoryCount":14}
{"timestamp":"2025-08-27T21:20:00.985Z","type":"results","status":"start","message":"Starting cost-efficient game results update","categoryCount":14}
{"timestamp":"2025-08-27T21:20:07.663Z","type":"bets","status":"start","message":"Starting bet results update after game results"}
{"timestamp":"2025-08-27T21:20:07.680Z","type":"results","status":"success","message":"Game results and bet results update completed","gameResultsUpdated":0,"gameResultsDetail":{"totalUpdated":0,"newGames":0,"existingGamesUpdated":0,"skippedGames":0,"categoriesProcessed":14},"betResultsUpdated":0,"categoryCount":14}
{"timestamp":"2025-08-27T21:30:00.193Z","type":"results","status":"start","message":"Starting cost-efficient game results update","categoryCount":14}
{"timestamp":"2025-08-27T21:30:00.195Z","type":"odds","status":"start","message":"Starting high-priority leagues odds update (30min interval)","priority":"high","leagues":["NBA","MLB","KBO","NFL","프리미어리그"]}
{"timestamp":"2025-08-27T21:30:00.197Z","type":"epl","status":"start","message":"EPL 프리미어리그 데이터 강제 업데이트"}
{"timestamp":"2025-08-27T21:30:00.974Z","type":"epl","status":"success","message":"EPL 프리미어리그 데이터 업데이트 완료"}
{"timestamp":"2025-08-27T21:30:04.369Z","type":"odds","status":"success","message":"High-priority odds update completed (30min interval)","priority":"medium","leagues":["NBA","MLB","KBO","NFL","프리미어리그"],"dynamicPriority":"low","oddsUpdated":39,"oddsDetail":{"totalUpdated":39,"newOdds":0,"existingOddsUpdated":39,"skippedOdds":1,"apiCalls":5,"categoriesProcessed":5}}
{"timestamp":"2025-08-27T21:30:06.932Z","type":"bets","status":"start","message":"Starting bet results update after game results"}
{"timestamp":"2025-08-27T21:30:06.958Z","type":"results","status":"success","message":"Game results and bet results update completed","gameResultsUpdated":0,"gameResultsDetail":{"totalUpdated":0,"newGames":0,"existingGamesUpdated":0,"skippedGames":0,"categoriesProcessed":14},"betResultsUpdated":0,"categoryCount":14}
{"timestamp":"2025-08-27T21:40:00.381Z","type":"results","status":"start","message":"Starting cost-efficient game results update","categoryCount":14}
{"timestamp":"2025-08-27T21:40:05.371Z","type":"bets","status":"start","message":"Starting bet results update after game results"}
{"timestamp":"2025-08-27T21:40:05.394Z","type":"results","status":"success","message":"Game results and bet results update completed","gameResultsUpdated":0,"gameResultsDetail":{"totalUpdated":0,"newGames":0,"existingGamesUpdated":0,"skippedGames":0,"categoriesProcessed":14},"betResultsUpdated":0,"categoryCount":14}
{"timestamp":"2025-08-27T21:41:36.693Z","type":"monitor","status":"info","message":"Scheduler status check","isUpdatingResults":false,"isUpdatingOdds":false,"lastUpdateTime":"2025-08-27T21:40:05.394Z","activeCategories":["NBA","MLB","KBO","NFL","프리미어리그","MLS","KLEAGUE","JLEAGUE","SERIEA","BRASILEIRAO","ARGENTINA_PRIMERA","CSL","LALIGA","BUNDESLIGA"],"uptime":39600.926789584,"apiCallEstimate":"~28 calls per hour","memory":{"used":"80MB","total":"94MB"}}
{"timestamp":"2025-08-27T21:50:00.450Z","type":"results","status":"start","message":"Starting cost-efficient game results update","categoryCount":14}
{"timestamp":"2025-08-27T21:50:05.600Z","type":"bets","status":"start","message":"Starting bet results update after game results"}
{"timestamp":"2025-08-27T21:50:05.618Z","type":"results","status":"success","message":"Game results and bet results update completed","gameResultsUpdated":0,"gameResultsDetail":{"totalUpdated":0,"newGames":0,"existingGamesUpdated":0,"skippedGames":0,"categoriesProcessed":14},"betResultsUpdated":0,"categoryCount":14}
{"timestamp":"2025-08-27T22:00:00.631Z","type":"results","status":"start","message":"Starting cost-efficient game results update","categoryCount":14}
{"timestamp":"2025-08-27T22:00:00.636Z","type":"odds","status":"start","message":"Starting high-priority leagues odds update (30min interval)","priority":"high","leagues":["NBA","MLB","KBO","NFL","프리미어리그"]}
{"timestamp":"2025-08-27T22:00:00.640Z","type":"epl","status":"start","message":"EPL 프리미어리그 데이터 강제 업데이트"}
{"timestamp":"2025-08-27T22:00:04.940Z","type":"epl","status":"success","message":"EPL 프리미어리그 데이터 업데이트 완료"}
{"timestamp":"2025-08-27T22:00:05.752Z","type":"odds","status":"success","message":"High-priority odds update completed (30min interval)","priority":"medium","leagues":["NBA","MLB","KBO","NFL","프리미어리그"],"dynamicPriority":"low","oddsUpdated":39,"oddsDetail":{"totalUpdated":39,"newOdds":0,"existingOddsUpdated":39,"skippedOdds":1,"apiCalls":5,"categoriesProcessed":5}}
{"timestamp":"2025-08-27T22:00:07.143Z","type":"bets","status":"start","message":"Starting bet results update after game results"}
{"timestamp":"2025-08-27T22:00:07.164Z","type":"results","status":"success","message":"Game results and bet results update completed","gameResultsUpdated":0,"gameResultsDetail":{"totalUpdated":0,"newGames":0,"existingGamesUpdated":0,"skippedGames":0,"categoriesProcessed":14},"betResultsUpdated":0,"categoryCount":14}
{"timestamp":"2025-08-27T22:10:00.814Z","type":"results","status":"start","message":"Starting cost-efficient game results update","categoryCount":14}
{"timestamp":"2025-08-27T22:10:05.487Z","type":"bets","status":"start","message":"Starting bet results update after game results"}
{"timestamp":"2025-08-27T22:10:05.511Z","type":"results","status":"success","message":"Game results and bet results update completed","gameResultsUpdated":0,"gameResultsDetail":{"totalUpdated":0,"newGames":0,"existingGamesUpdated":0,"skippedGames":0,"categoriesProcessed":14},"betResultsUpdated":0,"categoryCount":14}
{"timestamp":"2025-08-27T22:20:00.989Z","type":"results","status":"start","message":"Starting cost-efficient game results update","categoryCount":14}
{"timestamp":"2025-08-27T22:20:08.796Z","type":"bets","status":"start","message":"Starting bet results update after game results"}
{"timestamp":"2025-08-27T22:20:08.822Z","type":"results","status":"success","message":"Game results and bet results update completed","gameResultsUpdated":0,"gameResultsDetail":{"totalUpdated":0,"newGames":0,"existingGamesUpdated":0,"skippedGames":0,"categoriesProcessed":14},"betResultsUpdated":0,"categoryCount":14}
{"timestamp":"2025-08-27T22:30:00.178Z","type":"results","status":"start","message":"Starting cost-efficient game results update","categoryCount":14}
{"timestamp":"2025-08-27T22:30:00.183Z","type":"odds","status":"start","message":"Starting high-priority leagues odds update (30min interval)","priority":"high","leagues":["NBA","MLB","KBO","NFL","프리미어리그"]}
{"timestamp":"2025-08-27T22:30:00.186Z","type":"epl","status":"start","message":"EPL 프리미어리그 데이터 강제 업데이트"}
{"timestamp":"2025-08-27T22:30:01.515Z","type":"epl","status":"success","message":"EPL 프리미어리그 데이터 업데이트 완료"}
{"timestamp":"2025-08-27T22:30:03.662Z","type":"odds","status":"success","message":"High-priority odds update completed (30min interval)","priority":"medium","leagues":["NBA","MLB","KBO","NFL","프리미어리그"],"dynamicPriority":"low","oddsUpdated":39,"oddsDetail":{"totalUpdated":39,"newOdds":0,"existingOddsUpdated":39,"skippedOdds":1,"apiCalls":5,"categoriesProcessed":5}}
{"timestamp":"2025-08-27T22:30:06.005Z","type":"bets","status":"start","message":"Starting bet results update after game results"}
{"timestamp":"2025-08-27T22:30:06.025Z","type":"results","status":"success","message":"Game results and bet results update completed","gameResultsUpdated":0,"gameResultsDetail":{"totalUpdated":0,"newGames":0,"existingGamesUpdated":0,"skippedGames":0,"categoriesProcessed":14},"betResultsUpdated":0,"categoryCount":14}
{"timestamp":"2025-08-27T22:40:00.361Z","type":"results","status":"start","message":"Starting cost-efficient game results update","categoryCount":14}
{"timestamp":"2025-08-27T22:40:05.260Z","type":"bets","status":"start","message":"Starting bet results update after game results"}
{"timestamp":"2025-08-27T22:40:05.286Z","type":"results","status":"success","message":"Game results and bet results update completed","gameResultsUpdated":0,"gameResultsDetail":{"totalUpdated":0,"newGames":0,"existingGamesUpdated":0,"skippedGames":0,"categoriesProcessed":14},"betResultsUpdated":0,"categoryCount":14}
{"timestamp":"2025-08-27T22:41:36.639Z","type":"monitor","status":"info","message":"Scheduler status check","isUpdatingResults":false,"isUpdatingOdds":false,"lastUpdateTime":"2025-08-27T22:40:05.286Z","activeCategories":["NBA","MLB","KBO","NFL","프리미어리그","MLS","KLEAGUE","JLEAGUE","SERIEA","BRASILEIRAO","ARGENTINA_PRIMERA","CSL","LALIGA","BUNDESLIGA"],"uptime":43200.925989167,"apiCallEstimate":"~28 calls per hour","memory":{"used":"80MB","total":"94MB"}}
{"timestamp":"2025-08-27T22:50:00.546Z","type":"results","status":"start","message":"Starting cost-efficient game results update","categoryCount":14}
{"timestamp":"2025-08-27T22:50:06.017Z","type":"bets","status":"start","message":"Starting bet results update after game results"}
{"timestamp":"2025-08-27T22:50:06.041Z","type":"results","status":"success","message":"Game results and bet results update completed","gameResultsUpdated":0,"gameResultsDetail":{"totalUpdated":0,"newGames":0,"existingGamesUpdated":0,"skippedGames":0,"categoriesProcessed":14},"betResultsUpdated":0,"categoryCount":14}
{"timestamp":"2025-08-27T23:00:00.741Z","type":"results","status":"start","message":"Starting cost-efficient game results update","categoryCount":14}
{"timestamp":"2025-08-27T23:00:00.745Z","type":"odds","status":"start","message":"Starting high-priority leagues odds update (30min interval)","priority":"high","leagues":["NBA","MLB","KBO","NFL","프리미어리그"]}
{"timestamp":"2025-08-27T23:00:00.746Z","type":"odds","status":"start","message":"Starting medium-priority leagues odds update (2hour interval)","priority":"medium","leagues":["MLS","KLEAGUE","JLEAGUE","SERIEA"]}
{"timestamp":"2025-08-27T23:00:00.749Z","type":"epl","status":"start","message":"EPL 프리미어리그 데이터 강제 업데이트"}
{"timestamp":"2025-08-27T23:00:03.299Z","type":"epl","status":"success","message":"EPL 프리미어리그 데이터 업데이트 완료"}
{"timestamp":"2025-08-27T23:00:05.013Z","type":"odds","status":"success","message":"Medium-priority odds update completed (2hour interval)","priority":"medium","leagues":["MLS","KLEAGUE","JLEAGUE","SERIEA"],"dynamicPriority":"low","oddsUpdated":42,"oddsDetail":{"totalUpdated":42,"newOdds":0,"existingOddsUpdated":42,"skippedOdds":0,"apiCalls":4,"categoriesProcessed":4}}
{"timestamp":"2025-08-27T23:00:05.420Z","type":"odds","status":"success","message":"High-priority odds update completed (30min interval)","priority":"medium","leagues":["NBA","MLB","KBO","NFL","프리미어리그"],"dynamicPriority":"low","oddsUpdated":40,"oddsDetail":{"totalUpdated":40,"newOdds":1,"existingOddsUpdated":39,"skippedOdds":1,"apiCalls":5,"categoriesProcessed":5}}
{"timestamp":"2025-08-27T23:00:06.477Z","type":"bets","status":"start","message":"Starting bet results update after game results"}
{"timestamp":"2025-08-27T23:00:06.496Z","type":"results","status":"success","message":"Game results and bet results update completed","gameResultsUpdated":0,"gameResultsDetail":{"totalUpdated":0,"newGames":0,"existingGamesUpdated":0,"skippedGames":0,"categoriesProcessed":14},"betResultsUpdated":0,"categoryCount":14}
{"timestamp":"2025-08-27T23:10:00.905Z","type":"results","status":"start","message":"Starting cost-efficient game results update","categoryCount":14}
{"timestamp":"2025-08-27T23:10:06.234Z","type":"bets","status":"start","message":"Starting bet results update after game results"}
{"timestamp":"2025-08-27T23:10:06.259Z","type":"results","status":"success","message":"Game results and bet results update completed","gameResultsUpdated":0,"gameResultsDetail":{"totalUpdated":0,"newGames":0,"existingGamesUpdated":0,"skippedGames":0,"categoriesProcessed":14},"betResultsUpdated":0,"categoryCount":14}
{"timestamp":"2025-08-27T23:20:00.174Z","type":"results","status":"start","message":"Starting cost-efficient game results update","categoryCount":14}
{"timestamp":"2025-08-27T23:20:05.080Z","type":"bets","status":"start","message":"Starting bet results update after game results"}
{"timestamp":"2025-08-27T23:20:05.099Z","type":"results","status":"success","message":"Game results and bet results update completed","gameResultsUpdated":0,"gameResultsDetail":{"totalUpdated":0,"newGames":0,"existingGamesUpdated":0,"skippedGames":0,"categoriesProcessed":14},"betResultsUpdated":0,"categoryCount":14}
{"timestamp":"2025-08-27T23:30:00.374Z","type":"results","status":"start","message":"Starting cost-efficient game results update","categoryCount":14}
{"timestamp":"2025-08-27T23:30:00.379Z","type":"odds","status":"start","message":"Starting high-priority leagues odds update (30min interval)","priority":"high","leagues":["NBA","MLB","KBO","NFL","프리미어리그"]}
{"timestamp":"2025-08-27T23:30:00.382Z","type":"epl","status":"start","message":"EPL 프리미어리그 데이터 강제 업데이트"}
{"timestamp":"2025-08-27T23:30:02.019Z","type":"epl","status":"success","message":"EPL 프리미어리그 데이터 업데이트 완료"}
{"timestamp":"2025-08-27T23:30:04.929Z","type":"odds","status":"success","message":"High-priority odds update completed (30min interval)","priority":"medium","leagues":["NBA","MLB","KBO","NFL","프리미어리그"],"dynamicPriority":"low","oddsUpdated":39,"oddsDetail":{"totalUpdated":39,"newOdds":0,"existingOddsUpdated":39,"skippedOdds":1,"apiCalls":5,"categoriesProcessed":5}}
{"timestamp":"2025-08-27T23:30:06.483Z","type":"bets","status":"start","message":"Starting bet results update after game results"}
{"timestamp":"2025-08-27T23:30:06.496Z","type":"results","status":"success","message":"Game results and bet results update completed","gameResultsUpdated":0,"gameResultsDetail":{"totalUpdated":0,"newGames":0,"existingGamesUpdated":0,"skippedGames":0,"categoriesProcessed":14},"betResultsUpdated":0,"categoryCount":14}
{"timestamp":"2025-08-27T23:40:00.539Z","type":"results","status":"start","message":"Starting cost-efficient game results update","categoryCount":14}
{"timestamp":"2025-08-27T23:40:06.987Z","type":"bets","status":"start","message":"Starting bet results update after game results"}
{"timestamp":"2025-08-27T23:40:07.007Z","type":"results","status":"success","message":"Game results and bet results update completed","gameResultsUpdated":0,"gameResultsDetail":{"totalUpdated":0,"newGames":0,"existingGamesUpdated":0,"skippedGames":0,"categoriesProcessed":14},"betResultsUpdated":0,"categoryCount":14}
{"timestamp":"2025-08-27T23:41:36.716Z","type":"monitor","status":"info","message":"Scheduler status check","isUpdatingResults":false,"isUpdatingOdds":false,"lastUpdateTime":"2025-08-27T23:40:07.007Z","activeCategories":["NBA","MLB","KBO","NFL","프리미어리그","MLS","KLEAGUE","JLEAGUE","SERIEA","BRASILEIRAO","ARGENTINA_PRIMERA","CSL","LALIGA","BUNDESLIGA"],"uptime":46800.928645875,"apiCallEstimate":"~28 calls per hour","memory":{"used":"82MB","total":"91MB"}}
{"timestamp":"2025-08-27T23:50:00.665Z","type":"results","status":"start","message":"Starting cost-efficient game results update","categoryCount":14}
{"timestamp":"2025-08-27T23:50:06.818Z","type":"bets","status":"start","message":"Starting bet results update after game results"}
{"timestamp":"2025-08-27T23:50:06.838Z","type":"results","status":"success","message":"Game results and bet results update completed","gameResultsUpdated":0,"gameResultsDetail":{"totalUpdated":0,"newGames":0,"existingGamesUpdated":0,"skippedGames":0,"categoriesProcessed":14},"betResultsUpdated":0,"categoryCount":14}
